x,y
-0.16581320041216496,-1.0495181672300284
4.706477647984036,-2.3523369178231537
1.6531062315080043,-0.829882591591372
-1.7164432978875013,-1.0315049979879911
4.099181642713492,-2.104766231815729
-0.005183293331618058,-0.699720749104671
1.7756374571300912,-2.416685525058197
3.405973611725,0.32264997789620997
2.4835996142634844,0.17454670520771673
3.7674113882382967,0.09869095149410922
1.6864664505617795,-1.9533119074025238
3.6911692011515504,1.0920379940440041
2.245931315290975,2.3638870628025086
3.7975669532746714,-1.01243283508069
3.6177088591648325,0.8215277676880918
3.025645422825344,0.018510727154615908
1.4728973274707002,0.17903691529288598
3.1424755405869647,0.3908723776162838
3.430082325006591,0.7593161611969992
4.393102801007522,0.7725750987383568
1.8125980239022312,2.001283962692884
1.7253518326350787,2.3177885381431187
2.43823521870747,0.19023976491821717
2.964380735018931,0.8196245417950555
4.847571316260988,2.016195371948499
3.52599060949403,-0.5378254126528309
2.654080218241765,-0.16675029965044247
1.4055181880457839,-1.0378487946108759
3.5578499299712614,0.36156264493865276
4.50893749753128,0.6840299469807867
2.073365565161105,-1.2191331859618224
4.880185400011116,-1.4614565342932022
0.7583514450331249,-1.3713367521044715
3.9626434901333267,0.6686680243325771
1.8204298964616195,0.9193902130057189
3.4950961620718934,1.8918126636489894
2.2656225291268934,1.1089881522320582
3.4218981568384907,-0.645724680038233
3.5978830560600223,-2.221914813823128
0.44485214344111257,0.297096527704918
-0.5241428694360265,-0.7678630154187458
4.810540645143657,0.6784444765923374
3.243097270723989,-0.8671091571654644
-1.8487674048758211,1.9378464975635454
2.1814456629890344,0.6800679187305295
1.114367751148948,-0.23376010116416168
3.2033181051192305,1.7791331031486777
4.686175815683297,-0.7265027541566055
4.25313039866832,-0.010952775154882743
2.4437632273283887,0.1949025480344355
0.0024305373862201565,-0.31700939359504443
1.1684775324405137,1.1194029191196593
3.821348001109296,0.29334024521857904
1.3517436328656836,1.0130237629100907
1.5481250336384407,-0.4873424799169278
2.9407947289092458,-0.25568797564937373
1.7304251553484993,-0.11923139715530186
4.597635276919431,-0.3083148964022422
2.349923552796055,-2.173997573377303
4.098370115580064,-0.8644641757885995
2.981590577436931,1.805362400982018
4.215782887622661,1.0500206146958222
3.0924537086485935,2.489743650255407
3.719830961382222,-0.11186447965458529
4.323826695936224,1.89201832746926
4.480647918533526,-0.10651956123524482
3.562091418741823,-0.6500532372087937
3.414151393269925,-0.7867820603151479
2.857125443795766,-1.2603172853829194
1.8522480088019697,-1.8138648368682575
3.9559667013797135,-0.5079505827027903
4.161136847861817,-0.7489965163317157
1.2747980510625465,-0.9610170500936861
1.5322191950255866,-2.0356881828883076
2.6813057451511995,0.6755228993336438
0.5741265305670388,-2.2204397914829412
0.1566834987560851,0.41006490884950175
4.002916700245235,-0.3739246033174394
3.628575682735082,-0.6583483794672939
2.807859434558937,3.5391908538383094
4.524706742448962,-0.4855601975827416
4.819725389752888,-1.056828685746372
2.56790206048859,-0.3759734158878342
4.033185335819546,1.8058273099007853
4.606008169231749,1.7593344717329364
3.991507906752033,-1.2347561222299932
3.3888586594316714,0.7156471005520492
2.0151652432609266,4.470592078510985
4.699226021609471,-0.8349818700799196
4.371466803157579,0.5350683141506261
2.9456448624687708,2.238174639109526
1.9936469751808095,1.2426910940431186
0.38278413449864,-0.6012739689383968
4.2849897191455515,0.8884352824366009
4.551063203212052,0.5229074252287652
4.151539653978281,0.5157141985227945
4.719285366496518,0.13196057677962894
5.200922194809986,-1.4188740576726109
5.000029183914862,-0.687013210787829
2.8854150227935196,-0.469767777166888
2.897463245553129,-0.10841370268230806
3.6300651484800937,1.4062080554160705
2.708087944734465,1.2376501733498106
4.923817842408426,-0.9489294183609701
3.057230773241451,2.5394488199305094
4.320530924517871,0.16162974290939844
2.4720905516438334,1.6740797749384972
3.437350561827845,0.583409460605105
1.7045259263894543,1.9657932612349716
2.221847718444608,0.9761165002312043
0.7015404929748068,-0.7060905038178121
3.0995403859998243,0.22125598820433293
5.450858234151544,0.90563621067813
4.220901005838986,-2.6223486551055397
3.300517538024338,1.2742918892866186
3.1264913280813595,-0.9315266882024673
3.409613076741785,-0.026379170359607296
3.9572599561895774,-0.6643966603629425
3.6518735115811953,0.573392456376236
4.237986502636396,-0.09246365073128986
3.9779016254885082,-0.8330338826384265
2.6339645641886964,1.4698828281289107
1.3667071633312953,0.3011466188796227
3.9011474477535852,-0.6720489996759142
2.402968158658698,1.3115451794012423
3.754458584822247,0.4528694895617734
3.54939049313901,0.6426779704742668
0.061862010066224646,-1.2192517400986436
4.5639003772204525,0.08432279280145841
0.49465104003380717,3.2606720689087805
3.2626875242979705,-0.3551322798733919
3.4951140757413692,0.05567846296548973
3.263010883155797,1.8123852984944586
3.484210019967634,0.27634498079732095
4.033615698763329,0.440255556701485
2.5865373241072405,0.0403226462166546
1.7084499631983145,-2.259162526618485
4.076322311153763,-2.017760811344918
1.9491332319606247,-0.3593733269753008
3.850705613621027,0.5581620617469836
4.288826055622324,0.028053502373848932
4.009743032296264,1.902488375636557
-0.6776817349862622,0.8153555808379888
4.572342543081176,1.194114264464955
4.062572403827195,-0.8522330006008995
2.8699914127752453,-1.8894289004898646
1.8989478276852578,-0.3503670555455528
4.442250287643365,-0.35595268038041283
0.5881504919158907,1.3786826099761933
4.0114343187883525,-0.026159700137733763
4.0097609459657395,0.06635417495305737
-0.03790581850378682,0.3146957304068716
3.7696872646815107,1.8740497096208595
2.2537601520124593,0.07618851304007834
0.6784678118147273,0.6025881854367203
4.151539653978281,0.5157141985227945
4.923817842408426,-0.9489294183609701
2.1066503626219513,-0.7731970956573376
3.5908894273780803,-0.9998091356516292
4.440404163917536,-1.9868090606153175
2.8330512694104795,1.0721898315676317
-0.426391012750132,1.5857594571283002
3.161269993473215,-1.463384020250129
3.2272342860015284,0.755374170496828
1.882241343240579,0.9871965155140568
2.6710716735286293,0.41980339245415677
3.837117246026979,-0.876249899344949
4.484318261602172,-0.6459652320073415
4.606008169231749,1.7593344717329364
1.6719442146399943,-2.1836803118268007
2.807034988487841,0.34034279108445264
4.094075066323608,0.4808551116390435
4.1017236187203805,0.9948144386461698
4.959359047780746,-1.6757349578881728
3.6981391722387897,-1.253633766374974
4.14472993237394,-0.41925043327986167
2.412773913092993,0.29694874468217214
3.1326038941818517,1.7122962012080343
4.119834785082733,0.3821379579872455
4.118345319337721,-1.6824184768961186
0.28850912990854416,4.1643772825659475
3.2316160046033344,0.12390086268556341
2.0147933821992066,2.15555190851202
1.333702959560388,1.436103283526704
4.359367901308543,1.1652127879420577
4.482155297948014,0.1219026729646196
4.776875018993086,0.11322426932435575
4.401475693319839,2.8402244668735364
4.699226021609471,-0.8349818700799196
3.5350883595944254,-0.4243240801611604
3.3056773468379967,2.7994026533978857
2.624314270187706,0.675630419545509
3.8462154461162745,-0.2627583680128657
3.9359763097313123,1.7010209757671981
3.180036083550398,-0.3399954957304284
4.883112521633308,1.289389832421296
3.94504603515929,-1.6287324120222992
3.227602610634206,2.2975368627889505
4.531641528895199,0.39580903988089056
3.6164473253901277,2.894678221354227
3.2854217910158017,-0.3885423060051786
3.8332583036395333,2.063197917814372
3.049422581588177,3.7960517540538716
4.648589069228614,-1.771010525844514
2.982109700287751,0.14290539840341043
0.9023602517945012,-1.887904491710817
2.4074535249273428,-0.625228436365247
2.9635706991975774,1.0501028639109466
1.2631762299471645,2.2124708698679183
3.6974656743296435,1.5787905734803516
1.0104363278343007,-0.4446027527729993
3.481006661819858,2.2195026587848163
0.1689247688900958,-0.5997350288733079
4.0491384878148295,-1.5208331446368974
3.8081541691200784,1.1656249322943446
0.4652097437239275,0.5243817639823101
3.8722723379225625,1.7535267428063968
1.0830725138051254,-0.5735225683485031
4.3220203902628835,2.2261861777927625
2.1481496267301146,0.2620186073745523
4.25197967723465,-0.6730750640032062
4.246803047438366,-0.3072888320749506
3.2492250014038127,1.3345533726938499
0.054808410963801256,-1.2290586382822568
2.4749378387257774,-0.3965950816804025
3.0666159077742567,3.1771079942454032
3.3348912009803615,1.7762610569506154
4.474034605427104,1.8054521445352738
4.7940072422579405,-1.6706796505305939
3.6593669696983353,0.7667673698118168
1.6721533341745636,1.5670500490884611
0.11565814017026155,-1.2707703473090959
5.200922194809986,-1.4188740576726109
3.072928872065882,-0.9047392315155592
3.80522847005383,1.1472441700936564
1.517165504768056,-0.6304756011414944
4.1372648240927,0.2680088991189672
4.1372648240927,0.2680088991189672
0.5050517655893406,0.4631003221471609
2.33317822286593,-0.5689828272027025
4.482511955928832,-0.3117973816838395
2.7477546597255817,0.7776530432228703
3.5001300937141107,-0.7720209135056746
4.847571316260988,2.016195371948499
4.047447201322741,0.40781493113739287
3.457409906714892,1.5503519074646537
1.150927908807286,-1.2075420516628925
2.4408625889144004,-0.8905724232322423
4.112346019206791,-0.05416879186140528
4.819725389752888,-1.056828685746372
1.8858715505741572,0.03450539947126749
2.398075877046904,0.11978612485106221
4.536801337708858,1.9209198039921578
0.6347854450675958,-1.9140287984140418
4.165145935241805,0.11399195893122793
5.0612885367821265,-0.7999677855308099
1.9820707247207163,1.1181994038954353
0.43984247961999645,2.5744220560159157
3.8761086743993345,0.8931449627436446
4.2849897191455515,0.8884352824366009
4.108319660855277,0.4737495300747616
3.473340838451559,3.096450128976801
2.4651209086187125,-0.42468397748876063
3.3056773468379967,2.7994026533978857
5.070029628901704,-0.25276639839068005
2.37664976822867,2.098256657081092
3.065958900978642,1.440932528903419
2.472491128582256,4.631460030273632
1.506162656399804,-2.3231273823610668
4.080457243233642,1.9693252775772003
1.3877967964146283,0.053733655363514016
3.6094241218791128,1.129617874207165
4.580019908275918,-0.769581132073619
2.5064990815582804,0.5007867300075985
2.3053272734608843,2.0109829050237336
4.923817842408426,-0.9489294183609701
4.611540484441807,-1.2726272205171758
0.14517956317456518,-2.313917356756076
4.8212148554978995,1.0077277491369916
1.481058155726678,-1.0912671110070757
1.8173623876693206,-2.0833494365128806
2.880066614661062,0.40512360510906953
4.083326821137309,-1.5942592715125559
3.0049714222648554,-0.21948229548473808
1.3843007365867044,-0.038119694751497596
3.0254977753841863,1.2023152607789271
1.4706380381627604,0.6939834021287586
4.925307308153439,1.1156270165223936
2.2024303831884477,-1.1227596328762444
3.7566215484764056,-0.3149984154101877
0.29989953277671355,-1.1319879449074128
3.528020640297461,-1.0640393423920809
4.35291483768502,-0.20345189850905798
4.2516409329233085,-2.0755092100382466
0.9011962379163272,0.24869105411987538
0.7344056838294912,-0.4873063657097033
3.2931651833851077,-1.2835550558998372
3.382557847192886,2.200672268875276
2.3030485714041666,-0.30618116630335684
1.398813600199547,-0.7403219111044897
2.71833641626853,2.013273794689805
4.648589069228614,-1.771010525844514
2.81943202376457,-0.17180560700802155
2.713863202052725,1.3532253530185594
4.109700552871925,-1.9766984459001593
2.6796546073673446,-0.8408627478418956
2.8187764395248998,0.8244845321638038
1.3487813266024888,1.4892183940782022
4.371466803157579,0.5350683141506261
3.4323609180684,0.07585435058468051
1.31118498696468,-0.16493692560535203
3.764527455867852,0.3489389455095918
4.237717811731456,0.7249373147601863
3.719639371672047,-1.3702833582025846
1.648258910588815,1.0763392750705907
-0.1016561536526831,0.33577919577378956
2.4341348255238975,-1.0276730237525606
1.1537483288359427,-0.6151426206788508
2.3523897462514594,-0.9900931435893995
2.676439400195097,2.6402558401852523
2.172191190136888,-2.3671145049040363
0.822452287081118,0.4914820258112168
1.6107684897879133,0.2847529215187712
4.057044395206277,-0.8568957837171177
3.9550969925354194,0.10347124460901896
4.996389718898077,-0.3379840625320118
1.7384576975484192,1.0618029402243363
3.865175099579489,-1.75736471494761
1.1783005903178867,-0.2212535851917652
3.4646436194199812,1.8691310604049185
1.0605882493184875,-1.1279208876684315
1.9070485001444968,0.7509641112152151
1.7770891775574118,-1.0407568088628638
0.4572844871338943,2.8223921674527426
1.7686254016644682,1.2121362644323241
3.4943455787126427,-1.4912580609613957
3.730861829717281,-0.21628126175838963
3.8352416668052314,0.4157758474502353
4.5096109954404255,-2.148394392874539
2.1713810985325703,-2.2526260125836197
2.756839927904044,0.8102736239944903
2.3690950748839836,-1.3118474005290972
2.8146235937755453,-1.3264673560748146
3.4429399585810145,-0.8635931091266661
3.223518395735308,-0.3660455184369621
2.169584573993078,0.6832279495467644
3.834442324196195,0.1241025736463861
2.414411968968282,1.3797068833458643
4.11169043496712,0.9421213473104203
3.3759912605539086,-0.20114494958340512
4.683744161124198,0.8587661163068315
3.906132620146016,-0.24448512602404288
0.48577883140049616,-0.7930398014690012
1.6649011488161876,-0.4162109839481266
1.585275673224114,-1.036963237960698
4.562094071547111,0.41849064312496054
2.4959387345731354,2.781792997033645
4.597635276919431,-0.3083148964022422
1.2672866792759305,0.6817422371542324
1.3884523806542985,-0.9425564838083115
4.217927937607343,2.1182869104073605
3.198926463465205,-0.8767439461934902
2.0732710282169395,-0.8690222564581197
3.097080602479008,0.6029675400517377
4.7860597636023146,-1.6220488930143537
3.1700692673036586,-0.2873024043946787
4.025173532902604,-0.6695359149620116
2.9555835497537934,0.9819242291577445
1.5193223406519059,-0.029598105993672977
3.3037581283756,0.590343840622677
1.1940099971214095,-0.5709873219822778
1.4174224896049021,1.0112286374915878
3.3035617523492324,-1.1917457693437414
3.6754178699033435,0.4254939379240328
3.064666306693617,-1.1349765377868801
4.526552866174792,1.1452961826521635
2.871742216661717,-1.380059810462345
4.073163926261744,-1.710799708592195
0.8190495348882214,1.3453258750072241
-0.10747154670601197,-0.19304142916565187
3.0916949621430647,0.21864929300414124
5.209295087122304,0.6487753104625678
3.647997357051935,-0.531249994119419
2.026624919677503,-1.7836310454340574
2.5483768958437607,0.6739792151874356
2.6463001555502075,2.293409953088952
4.499770666591527,0.5831689086359964
3.1561063280593165,0.5481198898453471
2.2178386635361718,1.1779747525750173
4.2849897191455515,0.8884352824366009
4.849918186992748,-0.9087428429976171
2.2347803694926647,1.3550496163668355
3.2819892301464813,1.659337758874414
1.6820053521142349,-0.40304634047969967
3.4314779474441783,-2.5712975818217596
0.2753433178861341,3.239593406318336
5.551298257407913,-0.28315305184787093
2.5775814923029188,-0.9528243490468069
3.612794895990957,1.5979896914428242
2.3763389881011716,-1.2172358820727995
0.08995660312200315,-0.5431729649419776
1.9912332472643532,-2.866453404397466
4.061352408845118,-0.5564973929775405
2.4344092682449854,0.9796829327542919
3.1843784713076704,-0.3870395164743946
1.1848953059185812,3.3841209518829483
4.396939137484294,-0.08780668132439519
2.9935601060479544,-2.856700525108081
3.6304397201303877,-0.8636261999158882
2.3441612598601798,-0.6438550748788312
0.6357813284808731,3.2763497970911106
2.5265878819412455,-1.4551529501629425
4.446086624120136,-1.2163344604431647
1.6164578349477547,-0.2647406632815088
3.1123064139149723,-2.491926551105514
2.8212781474903994,1.4590507732268834
4.025512277213946,0.7328982310730288
-1.9876150378575346,-0.5261375460045283
1.1765530076329427,0.4526908970009047
1.8885697944997242,0.15173342851873786
1.0888570288065929,0.1457145791072177
3.7952616538070902,1.199937261429406
0.3354112826531151,1.0640886425954734
1.0372379267682907,-0.056716184402457945
3.676693523872589,-1.0177481516947948
3.398180584651057,1.1370925524683841
4.0647044894294915,-1.4296843830565809
3.5102098227499057,1.7185126582572867
4.692186326984923,1.968557587970328
1.754738900642728,-0.34027177235856554
1.275161278911653,-2.1285289450888647
1.5401957985213843,0.40285688607359915
4.255816013711422,-1.5334568440659582
5.200922194809986,-1.4188740576726109
-0.308404825642526,-1.92619501167969
2.4553980023416075,-0.23230189216529742
-0.3800714406862327,-1.382898127573064
3.2059664879588454,-1.0025805950859517
2.7608475927280884,-1.0592035052563757
3.184491384096727,2.1561871466243168
2.908029987052371,-0.009890451194414535
3.5165478671921773,1.492697119257614
0.05097207448702981,-0.3686768582195047
2.0912255911606943,1.4946683240887098
2.3678194209147385,0.13139468908973054
3.511901109241995,-0.2101354175170034
1.421104961414976,-1.1761821929069616
2.784785330842913,2.1154039385790315
2.771696439503558,0.367626657747674
4.684112360931458,-0.6616818646882173
-0.12173071890202605,-0.3049927213300456
0.9238047922405902,-0.8570476015429586
1.0163099657238002,-0.35747400859417355
2.2071508461015954,-0.35179879465246855
1.0468232716273547,0.21653401078268422
2.843547957503321,-1.0491220284709912
3.710871108199786,-0.6850125124461869
1.6971319771746327,1.069371332295818
1.6020213330233322,0.03572482502248814
3.024633180604856,1.4485009209749005
4.1174346819271985,-0.803655934632678
1.6314098235869248,0.1101301190346132
2.568326318333127,2.7561160238834965
3.7311492141496916,0.3078765800648334
1.2566269142797135,-1.5802531457898732
3.7590943196910187,0.00015081309834533152
4.052857787371864,2.9516589304406833
2.2671507080510303,0.8543244278723048
2.137974892630566,-0.3806299849095268
0.7081365351097021,-1.2271554123892205
3.2100608221282405,-2.1582117447204396
4.7760929473555755,-1.5693558016786042
2.8812477874691056,-0.5720177252105811
2.7529439240351583,-0.6201183196959517
0.8169886585044808,3.12680305486951
3.4358431824133566,0.3549872264052406
2.0948172702813888,-1.6182487303531976
-0.8223307271506105,-1.419250812710779
0.05331894521878937,-3.29361507316562
0.9904897634299885,-0.9200875206619632
0.8198725908749246,2.876555060854028
2.3471048725959047,-2.461608513361642
2.7420753748805975,-0.8138466296562934
1.241526828210484,-1.2713095933220966
0.5028118812629517,-1.8679111256117045
2.5493451457289407,2.367358250303201
1.4649188384568914,-1.6336847888027213
3.6373856497778423,-0.004418359531584412
2.418842999886535,-2.859740747459747
1.8441380094933768,-0.6524669612173434
3.906132620146016,-0.24448512602404288
2.568326318333127,2.7561160238834965
4.113835484951803,2.0103876430219585
3.724672375405286,-0.9722640189783883
2.108073021334404,-2.955016315416088
3.844409140442934,0.07140948231063646
1.3989311550776635,-1.2277341431634352
3.1725017017207513,1.3051217331400826
3.1282136750837704,1.7888847563796766
-1.2921675798738954,0.06402943247339593
1.6521370695443556,0.6005760810194841
3.7442378080915053,0.4427977793451613
2.4140065369575363,1.6409452350173592
3.736677222770609,0.3125393631810518
-0.04447561170271381,-0.18229615660086554
3.7715628439032582,0.5820239628256747
3.0661557724386292,0.9295798970964843
1.2000880243255958,-0.6963377328231163
3.476686400106435,-2.3429787246769562
4.3362937975925195,-0.25857412731722007
2.755059518523923,3.371030103045676
2.5064990815582804,0.5007867300075985
5.200922194809986,-1.4188740576726109
0.849505448739393,2.4040776084228677
0.6193912849144122,-3.5848548198179953
3.4999042621918246,0.368771603557996
3.1214724520235646,-1.7104793525384
3.7476380376992675,-2.011712530449269
4.718754714792421,-0.9771136625156964
2.7942696444089443,-0.6276867117674332
0.5207189557081573,-0.6552523696999348
4.888276637036108,-0.2221238788337676
2.203004386975417,0.01172219655550305
2.423139471698934,-1.47259443037358
3.460106270753274,-0.37831392757068805
0.8533456975993687,-1.8769290160511527
3.749627919794464,0.9071072627613105
0.3171643712097168,-1.6057670547073595
-0.3210001679083514,0.22311958192643186
4.473414205828436,-0.42529871417551024
0.6895185424625782,-3.03435827169282
3.1944983490517007,-1.341539667661263
3.3535121101322347,-1.1207794360191692
3.5970435647427506,0.9314456353228527
0.8708119729343669,-2.015466953457991
2.4437632273283887,0.1949025480344355
4.796318928348699,-1.3685768675941
4.881623055888296,-0.7751666024620679
4.07236600620865,0.7299926221177654
2.3762800135591453,-1.165529950565796
0.532539116137886,-0.3910716855645384
2.985583171896411,0.11481235943824877
2.0479647197699022,0.4977633573330025
1.8864435067986431,-3.317263398303149
1.7437187813029504,-0.642016756379027
1.8578915780744063,2.0174933790326515
4.043588258935295,3.3472627482967146
1.603991683461482,1.0770163397505665
5.200922194809986,-1.4188740576726109
-0.7827696088796645,0.24654951123334837
3.8940922428501064,-0.1660367825800275
1.8521473440874956,-0.09500850724477236
-0.21357471163097272,3.3206170631952494
3.0719761147790483,-2.0234513568147934
3.6650814312934017,-0.7338305942589786
4.155633988147676,-0.6399169511116929
3.1009180947679353,-1.273223554130927
1.6630255695944405,0.875814762847058
1.0874456218653807,-1.558632148303062
3.219384169903571,0.995699311709706
4.422121669207911,-0.3650372307682792
3.886759869856822,-0.3463652504435696
3.438470272903332,-0.6158207121584187
3.6483540150327527,-0.9649500487678779
3.3709622781987822,-1.0191632512794606
2.689794637479368,-2.5284745532320594
3.645535467138924,0.7992079953759086
3.6816442896750368,-1.307588594166137
2.1164459136467224,-0.8873669472809093
3.539423676892271,0.6953710618100164
2.9862732950323867,1.8876955205177635
3.5991583793735216,1.7449010500662814
2.3341427660519307,0.0823404975328153
3.1445064200045203,-0.6999378825498156
3.100715118208703,3.7357902706466404
1.8667667161856327,-2.4913172710834735
0.6144977404423025,-0.6691279598592303
2.4686431542573,-0.28031531347695837
2.2087640885700264,0.6232025758836569
1.9428770899492267,0.5483164135112356
2.2359939545401533,-0.5063019728918307
2.6861436306361415,-1.0926974786296524
0.5429467314948326,0.9074319164183203
2.3233551649885564,0.7716736771087218
3.487632159450671,-1.224444376816681
0.611527434273971,-1.1807454036991643
2.1152334054555757,0.9667626459860187
-0.15016535949193466,0.7940769053130874
-1.4012922109599626,-0.0576286067517688
3.824987466126081,-0.0556889030372382
1.0203305949302302,-0.5812334596778198
0.4675257921867896,-2.094150098652052
3.2459418644987523,-1.427820342856578
3.142648754452249,-1.2440463364381307
4.475289785050184,-1.7173244609706946
0.7945366928186726,-2.0076845044569094
4.046678704294015,-1.1391215927894927
1.1528161169114999,-0.8598357004995311
2.0769234576161097,0.4276662734532828
2.7228283369849717,0.15660187545522744
4.730074403089001,-1.6831861665029906
3.158893997901283,-1.0256216317821605
2.7924199787618096,-0.1839830906477027
2.370382107848545,-0.8661506459009558
4.674570958341411,1.5072913522989513
0.2576675140530971,-2.2174347583320646
2.9227036916034748,0.5727337486175376
3.8767821723084803,-1.9392793771116805
2.6085721966227067,0.6127483312125098
3.5751201824603975,0.16978100891189876
-0.08943008056955598,-1.2967071100045893
4.430437347670796,-1.9341159692795682
1.710141579559497,-1.5101077932349898
2.1610166957387844,-1.4988921516477798
1.9742432145334325,-0.7205414919882555
2.1729954968131566,-2.293433956167407
1.4897262854160096,0.929500827720877
0.893964473854554,-1.7664835731626263
-1.6123508452319617,-0.9236057306025891
2.512837126000552,0.27497119100792566
2.0709238043046745,0.327070047141492
1.711412269461509,-2.7353571577865976
3.80522847005383,1.1472441700936564
4.072791419865343,2.8462727477691847
2.002345982922003,3.073042510254792
-0.826167063627382,-0.558869032648027
1.6054180340929722,-3.3266063234114354
2.853784244512995,1.258476922699982
1.0121092376948466,2.8211723415163195
-1.024722012271705,5.232142593010103
0.9394051446622713,-0.16448435363490324
3.331268227077109,-2.4433095999908763
0.9857018156780494,-0.13015811477426606
4.083430311465285,-2.7713102879357
4.810540645143657,0.6784444765923374
1.9069365319913072,4.5020461678495876
3.086456756125243,-0.1316579361432146
1.8416746974344387,-1.1785762480094317
1.4156721784186483,0.20387558602829528
1.3296764922139641,-1.0366042764765384
3.4923356765557756,-1.6251972158405532
1.7421870782843973,-0.5999207715307001
3.5970435647427506,0.9314456353228527
1.6889276566385394,0.39744214526388155
3.5842358462302686,-1.5528518592799299
3.278438855546177,0.31141177624657945
1.3491517417968524,2.020649857374639
4.572342543081176,1.194114264464955
1.0996774565651444,-2.430430597327205
3.8225166362124425,-0.8806716666165968
5.4138275630342125,-0.43211468467803105
3.8631867723465594,0.10805008048374712
3.3354210728264633,-0.29235771175225783
4.232219258606455,-2.2026075953861213
4.639047666638568,0.3979626911426545
0.3714228516264688,1.7662235512961995
1.6293362625377539,0.13588537114287907
3.2238689259458173,0.5689998270343619
2.619719519668127,0.9769982108527803
-0.38638009838871734,-0.3376753771784323
3.2629691795852964,0.4731844328023521
0.747492171789127,1.4722595994449414
1.4423484591650066,-0.09656610608727283
3.6563654322976373,-1.2832794628583415
1.7796761323123191,-2.424810192697216
3.7169168041424148,-1.2169931682018633
2.7472593574403623,-0.4418464822201815
3.046324837441966,0.5385012235671623
4.923817842408426,-0.9489294183609701
3.152209475576306,-0.3176757234182455
3.255821043538708,0.8134884641224412
1.05891786688725,2.6230140123575834
3.0649335620694473,-0.8265639395716435
5.165380989437667,-0.692068518145408
3.526538364345032,1.6147132123580616
4.723718444977255,0.37876357318018183
-0.960588516058765,2.4021972733774075
3.445453983377228,0.29076678623356145
3.201828639374218,-0.28542333173468604
0.9212721829118163,-0.3523404222784762
2.0237409873070593,-1.5333830514185747
2.464680109508505,-1.775880670807369
0.28311263158240974,1.185594919703207
3.8169886275915244,-0.8853344497328153
1.8565430580584248,-3.1591841242959005
1.6687080297970414,1.6462893630192101
3.0490400273141405,2.003163179974647
0.9734711367904413,-0.27416897987003574
3.2013154234195227,0.3312113435057614
2.1318149573646803,1.73456345339356
1.9324741668334777,-0.9931190248846933
3.8074302791934347,0.11192509000670486
2.7128615207382323,0.209294966790977
1.6079542809547778,0.07713321790298425
4.227381373121513,-0.43438721742282504
0.9628839209450339,-2.4522267472450703
1.542955954168409,1.2421639564053555
2.268188066706743,-1.5267701452184952
0.66383775947744,-0.33723062302536067
4.046791617083071,1.4041050703092188
2.209508928004051,1.0465730175630625
3.9068192147438694,0.6205771964159792
4.855266595125206,-1.7836342252735748
5.101550205067594,-0.7558124868342365
2.0274530339462062,-0.7336278564985641
4.0756099677591715,1.082114703625397
3.919286316400165,-1.5300152583705013
2.215788447893196,1.3724536089108061
0.29810124039169283,-2.7923888595699937
2.5772132924956592,0.567623631948242
1.2282554328510866,-3.052676855492768
1.1550006550795782,-0.5042479833873719
1.5337995092429424,1.0703643058338876
3.435246440409391,-0.7521975500580641
4.959359047780746,-1.6757349578881728
4.572342543081176,1.194114264464955
2.34410958229867,0.029647406197065684
4.006557587817964,2.0095118529405527
1.6688051659733936,-0.9803878052437675
1.5738815770399484,0.23496543913828502
0.8707750354916916,4.76506472164544
1.8864140513027252,-0.3943812712730599
3.9056505796407235,1.7945891082511554
1.7459810506658295,-0.06714827293510837
1.6795748533672914,0.16641321586382515
1.9415322311877055,-0.7928729388233029
3.553697084221907,-1.789389243299966
3.206063850516513,-0.8108862113893136
3.764527455867852,0.3489389455095918
4.216720127149657,0.8820471881997405
4.14472993237394,-0.41925043327986167
0.38515920765566647,-0.4838047043351762
3.6677398620106536,2.8344167379469956
4.220901005838986,-2.6223486551055397
3.004009424975402,-0.218996057433115
1.0109339185709825,-0.13214470764612388
1.4661883725467482,-1.8431248392344166
0.9892403817081239,-1.4437591244335637
1.7026359927009294,-0.055517547044117196
2.3360183452736782,-1.209685249262369
4.523907399839926,-0.777233471386591
1.7495205672759437,-1.3136864061224167
1.388934530154501,0.01899516385589982
1.770756097182373,-1.0329339949304108
3.769286967460044,-1.1933347953010753
2.602674877827092,0.35091040259748674
3.3635953810893358,-0.7048058656108432
-0.6888806619833399,-1.0465297287969728
3.3334132770617915,-1.3750433042793386
2.258763751188572,-1.9029637246270732
4.560247947821281,-1.2123657371099446
1.650908754075928,3.342093437321989
-0.2095907044016308,0.3275738516969037
4.060397898346595,1.0023828307176517
2.6648758325934585,-2.8506522442124322
0.7870313856770604,-0.6630985078528376
4.156985424668406,-0.16748280005652444
4.216438471862332,0.05373047552399657
1.3902565799354445,-0.3279778964838907
2.8137912671324687,0.39692065851193237
2.4711309577449234,-2.4590954286477396
0.8357841482946172,1.211319622563647
2.323253110189691,0.8229111298251541
1.8360809762747878,1.7472864315922823
4.0622042040199355,0.6682149803941497
3.786800794418896,-1.2514130175487896
2.4173370430279904,-0.35569737714580163
-0.2266640854307808,0.008002855916722937
1.7287875921734281,-1.499973497254767
3.5435880644680666,1.7595750237020453
2.2739474652729847,0.14357138150774137
1.5308752633863896,1.6490303110643163
3.0430295160125143,-0.6918971621522868
3.335064414845646,0.1413423428962012
2.3939212784958768,1.5223249138332644
-3.2686727333533923,0.8248531569517822
1.8188403115878908,1.0679549247170732
3.04807979071728,-1.6847846201272016
3.5908894273780803,-0.9998091356516292
1.852586753113311,-0.41143069083321726
2.890825608842643,2.0740762221364024
2.3506101473939087,-1.308935250937281
3.512085401971653,0.42648691146210227
2.8796541886981672,-1.0142957401864119
2.8373284049974585,1.5630047448234883
2.1165862775054163,0.3133832333344744
3.304882310818101,-0.5288950957722939
3.306217911896416,0.2086322887752721
1.258468345764345,0.29353507085810204
4.422777253447581,-1.3613273699401047
0.24047561042296128,1.1339746059902132
2.2550822017934027,-0.27078454729971246
2.889509356962915,-1.6253989268013758
2.8835100568319856,0.0028507582333374137
3.067609906456175,0.9055491919508313
4.217589193296001,0.7158527643723203
2.9954479333442845,0.11335672081893106
3.7191990347372537,2.0079917417647195
1.3698311416333326,-0.7232187999963134
2.6301820600238517,2.021500314257317
2.4934783311280255,-2.313616281099177
2.0122571353374012,-1.2481876328024
4.544496616573075,-1.878909793229916
3.0764077577306748,-0.6508347967075285
4.156985424668406,-0.16748280005652444
3.7696872646815107,1.8740497096208595
3.931242882435779,-0.7156575406237976
3.555469627810189,3.835949508772952
4.5250749422562215,-2.0060081785777903
3.6512200337337206,0.6209361579001388
4.606008169231749,1.7593344717329364
2.8292163684628187,0.8067580479236708
-0.4352013096619854,-1.7458733719651958
1.805394279807265,-1.8109592279129945
1.2981443742216332,0.5531897383136081
2.961467573657579,0.9981143611098925
4.494008386628818,-1.7449677610860548
4.151539653978281,0.5157141985227945
-0.8637879578191807,1.5624371591072241
1.8607656273450872,-1.4660999336885514
2.4330279140529227,-1.2993408845567003
1.3520252881530097,1.8413404755858342
2.026624919677503,-1.7836310454340574
4.1418832322069825,1.0902071900591752
3.0391939723669035,-0.5121015423118589
3.6128128096604337,-0.23814450924067518
4.479211685212289,1.9396561114474307
1.9189929504118495,-0.6449921796321506
3.5926047246453776,-0.07604521783193605
3.5296300745108153,-0.8868545609086482
0.8579687348295439,-0.2270904520480787
2.677236527417029,0.880049669697616
0.16388062195563843,-0.9755929710181758
2.342646012846877,0.19167960004138493
3.494458491501699,1.0519686021373154
3.1445243336739965,-2.536072083233315
0.7074155663934169,-1.7447753233456988
4.847571316260988,2.016195371948499
2.906154407830624,1.2821352956007697
2.468057293554938,0.25810712806359737
3.828823802602853,-0.91607068309999
1.4349364872857997,-2.157479716282336
3.822855380523784,0.5217624794184432
3.974249196089337,-2.129722412549829
1.8589025625168238,0.9716532924334403
4.334148747607838,-1.3268404230287583
4.055537015791789,-1.0853180179169821
3.6143022754054455,1.826411925642689
-0.033176052462714246,-1.104113904196146
3.0132141308165905,0.6958472067508402
4.282856210987311,-1.266578939621527
3.8290832228514193,1.521145551842084
-0.9353481790033288,0.08271884273784405
3.8486122411978547,-1.183606715040452
2.8498572302859255,-2.0332674826023074
4.847571316260988,2.016195371948499
4.403355579130728,-1.4884257552879796
3.135903169019939,-1.8227757997853509
1.3022143847869638,-0.3319231922726881
3.4433917864034593,-0.028562431519123965
3.903166785344699,-0.6761113334954237
1.8416270308715037,1.9675839981531276
2.338492483261272,1.7219397539644994
2.554867354641668,-0.7036690793070336
1.14983968297286,-0.0027077442196823676
1.8526714180323816,1.8828209333299226
3.8480033881312385,0.7392177835067189
3.0536167318579217,1.4861606052227478
1.7605069245306628,4.947565180294466
1.8767583458392296,-2.4362535942916557
2.0231506552376826,-1.0749518462465717
2.4434650939006968,0.07690647233547837
4.637241360965227,0.7321305414661566
5.025747331409807,-0.07316224600360724
-0.18046021153066216,0.6972285152807646
3.0380957034990144,-0.2411847315923413
3.256529860202153,3.9279304325166557
2.6977421161349935,-2.5771053107482995
1.3865862368667978,0.21146777428820582
1.4940522127243263,-0.6062349822230453
1.0691029968015742,1.1306549271708926
1.6029334059629654,-1.9688512809476646
1.719630976525916,1.438856983699975
0.5486572116642414,-0.11916204673290337
3.902774810416558,0.9328607349075185
3.3164944033972885,-0.8128126532081102
1.344080726002133,-2.8142721191713087
2.338574688720512,1.3449528080532804
4.5117387744535815,0.3107787000361101
2.730454024618203,-1.1335910400074496
2.4151136191505573,-1.1980170357047106
3.7858247094064525,-0.8159884159377176
2.0688628954493824,1.0437004993970214
4.2849897191455515,0.8884352824366009
4.890152216257856,-1.514149625628952
1.9563110059615914,1.2169165575472336
2.887162486231156,1.2995392881447403
3.565154788769602,2.9549397047614585
2.267981868807419,2.1232098572265152
3.4389822310799576,-0.8483052801777926
0.36835341750226613,-0.48897752169144637
3.174261619063298,-1.136156835621501
2.341857528228031,2.494470442052679
4.126251226729169,-1.0184811159763387
-2.23380523865089,3.4032054859656062
4.036543145549005,0.6284814489692243
2.8004536767738855,-0.018758067387976834
-0.2709262538660972,0.4033522519117826
2.1311176695545098,1.3916527268732792
2.806642998779558,-1.314544294296105
3.2013154234195227,0.3312113435057614
5.248475757511408,-0.42705937732045207
3.9727123611789317,0.5647374802803956
2.087205007398983,-1.0750046654414096
4.413604050664793,-0.712802133947985
1.9335199800888379,3.35391195947751
1.198014463276425,-0.6705824807148505
3.8575150053562743,-1.1845761156081465
3.960613459329896,1.194881954071827
2.5061915126963417,0.5207921430073083
2.604098982406901,-0.047300110458735826
4.5019157165762085,1.6514352043475347
0.8600128300445512,-0.23938584753549527
4.0594711004782855,1.039687224670164
0.8423981040989887,-1.145879486691261
-1.2387738663566872,1.7521519262094551
4.0437947719235705,-0.8888735987740098
1.0232016719131978,0.5234267500788868
2.892694801441215,-1.732422404105372
3.8554956677651604,-1.180513781788637
2.645967539009175,-0.47776959306587097
2.783070033575616,1.1916400207593383
2.377375076005648,0.6440988202779966
0.8238037923579793,-2.7783731615586635
2.7102063012865405,-0.023454413261396134
2.6175888241502223,3.222068470215516
4.525001362118674,1.9884741932602221
4.536801337708858,1.9209198039921578
4.324367260994642,-0.6987520371533535
3.095347391542235,1.515337822915544
4.369321753172897,-0.5331979815609121
4.769922318877373,1.067989232544223
4.014194024446477,0.3131571713536103
3.9071579590552115,2.0230113424510194
2.761646935337125,-0.7675302314525264
1.5029105242221013,-0.5524314073505351
3.7890377929051122,-0.27344981191380635
3.6677398620106536,2.8344167379469956
2.445239728691015,0.6137413047505793
1.8384865038659948,0.3224210704268766
4.3479116193167915,-0.8466505556055568
0.7618058471601533,1.4525137237337782
-0.9103151905771261,-1.2943060786246685
1.2369439958963946,0.6144383815495854
2.5548774609389993,-0.664603441946911
3.4042712463685363,-0.02024298936302009
4.2670754242431865,0.9897591312885908
0.5803108426489343,-1.7215153966902847
3.2500752417163645,-2.2249688425763967
3.674644423587528,2.360409292847866
0.7392102701914426,0.34569088934331005
1.5917765681884457,0.3021569140627415
3.791265530809488,1.9826664643336818
4.075920687398096,-0.9587058706207304
1.7761804256649003,-0.7878176314657239
0.4884623785529732,1.8241031514664572
4.32710905298329,1.4766990350214895
0.5090882020730517,-0.648046891972061
2.7171279631128944,1.2222614759665738
1.262603168849314,1.2799952778408108
3.0285293551957877,-0.2317372668608669
1.172926491808385,-1.6923197585859517
3.4804224575207905,1.309188463837037
3.443790661068982,0.30635646888900037
4.754826571868837,-0.594844962747574
2.599220765755264,0.3264779475816769
3.1682159231206697,-0.6041761798658248
4.006557587817964,2.0095118529405527
2.233404609367869,1.1531336843598585
2.945641872077395,-1.4202463858256977
3.7696872646815107,1.8740497096208595
3.2709756327829487,0.3728477437791081
3.9252561610351773,-0.235382816375125
4.165145935241805,0.11399195893122793
3.7566215484764056,-0.3149984154101877
4.810540645143657,0.6784444765923374
3.9412096986825187,-0.7683506319595471
3.4124554145366375,1.3847978518722122
4.855266595125206,-1.7836342252735748
3.351810074644864,1.2140304058793876
1.6884871549258729,0.6591015334963027
4.683744161124198,0.8587661163068315
4.572342543081176,1.194114264464955
4.5268697061031204,-1.2534281025547027
3.531960454129042,0.7568070293425451
3.8957016770634594,0.011147998903405135
2.794411164079794,-0.44274584527196215
1.998523706151198,-0.7929804590351679
-1.5255465587350345,1.212209373493066
0.9302793745950689,1.5190828771968024
4.683744161124198,0.8587661163068315
5.205642657723134,-0.6479132194488346
5.07004754257118,-2.0889005990741794
3.963909230748248,2.9252705386316884
4.837352300222841,-1.6823103764215852
4.3956782139359865,0.4752696412505947
3.231352277765626,0.7233091031098199
5.165380989437667,-0.692068518145408
2.3878167123005216,-0.13368590056919175
2.130687916837125,1.2471503489814337
0.5756108540819519,-0.41294171902691956
0.754157881678366,0.3773371634467889
3.1515848325138016,-0.5823742162386354
3.6143022754054455,1.826411925642689
4.185985929210419,0.031048872279926254
-0.01536381235921526,-1.1542003003317038
3.292058101192087,1.5554072148222324
4.288826055622324,0.028053502373848932
1.0140686048654786,1.5851974313416997
3.9626434901333267,0.6686680243325771
4.641549374604068,1.0325289322057336
5.450858234151544,0.90563621067813
1.995933847864709,1.4370371088520453
3.062337349631334,-0.0461725235242635
4.921654878754269,-0.1810615133890089
2.6451695864845304,0.8981760100373332
1.8499440994187808,2.066124136548892
2.1963739382505385,-0.18461721099630213
2.776540679140125,0.04903243162421145
4.080457243233642,1.9693252775772003
2.785964659158376,0.4192404308241151
2.423735057890744,0.6503996602096374
4.467468018788126,-0.5963650739234069
3.201828639374218,-0.28542333173468604
5.209295087122304,0.6487753104625678
3.393291737912408,0.9624500969526019
3.8497349426647176,1.275584137131248
3.2700088742098434,-2.3303550252478957
0.9237753367446722,2.0658345254871304
4.751174142469666,-1.8915334926589764
2.4187180673509605,-0.7543763689925959
2.1813020369259903,1.4438734898829815
3.52483988806036,-1.1999477015011546
4.076322311153763,-2.017760811344918
4.575999279069488,-0.5458216809899729
3.1999624955867176,0.8686009263618315
3.989148732162726,-2.687890729801548
4.663684816237152,-0.10817633055271673
2.6221864911745505,-1.7835426733651398
5.246325758239635,1.9865262058187287
4.784552384187827,-1.850471127214218
1.6007704423088072,-1.2009833759757034
3.5615318148663495,-1.2646309521800339
2.326947078381488,0.3421848136937803
3.487791303273552,-0.7015643961738163
3.881225999784498,-2.098638146835394
2.5591681711347616,-0.038144981614979964
1.869618311663692,-0.4764782810646818
4.2849897191455515,0.8884352824366009
2.9602178387552094,-1.2544031540082117
4.810540645143657,0.6784444765923374
3.1984551161722297,0.640178692161967
4.359367901308543,1.1652127879420577
4.784184184380568,-0.3300231462191695
3.4773542324206876,0.9228141288734141
4.381416348432793,1.873282020013987
1.417292305844319,-0.1410912284080125
2.437598340968437,-1.3301904568157803
3.2413190940123653,0.6706160117740703
3.3926949959084425,-0.14473467951070285
3.447228122880231,-0.8889442115818759
4.080457243233642,1.9693252775772003
4.7490111788155085,-1.1236655876870152
4.888276637036108,-0.2221238788337676
4.846081850515977,-0.04836106293486528
2.4067038935463,1.0994476194860392
4.923817842408426,-0.9489294183609701
2.2568353710647107,2.1432205449706774
3.5918837559290924,-0.5936651287884145
0.567521786999346,3.1930375104188977
1.6943809451833651,0.013118623471832597
1.937891917556796,0.12075253985936388
3.2325600882233116,1.9595488253174396
2.871636986505234,-0.5077972850389019
1.7110954295331806,-0.33663287257973135
0.6908483689510895,0.800760424321033
4.4576628745802305,-1.0918427702954818
4.080457243233642,1.9693252775772003
2.3864606415816514,2.2895754826006463
4.538177890664813,1.4422495757768103
1.0661310973552538,0.9972020103433582
5.004762611210395,1.7296653056031674
3.731517413956951,-1.2125714009302155
0.4777422298568384,-0.11230064067586576
-0.6775609736867597,-1.7526022327842667
2.661884070834346,0.5484245139857691
3.1551409362591905,0.4613928955366787
4.043426572116312,0.6315743822210391
3.8773610006429697,1.0040396000351237
2.9117996358297393,0.7934002664493688
2.2309448258470534,1.5348452362072635
-0.2759789880306931,-1.274998860187662
3.5870903231047953,1.1197822737346765
2.9421167229072247,-0.7186508657846387
2.0822385666255765,2.153992524193635
1.9460997666310118,1.7005025655307928
2.6746780602966065,2.349068804433027
3.51456881061562,0.10349471425542059
4.205816071375921,1.1027137060315717
4.5303892026515635,0.2849144025894115
0.344024134163163,1.6100121685552449
3.619179006375834,-0.209259627435598
4.6151929138409775,0.024061309394227237
3.9547980662765667,0.6660613291323855
4.447696058333491,-1.039149678959732
1.506830488714057,0.942665471189304
4.114019392029404,-0.146682666952196
4.399986227574828,0.7756680319901719
4.732891647760042,-0.26976166281193814
4.810540645143657,0.6784444765923374
3.352679783489158,0.6026085785675782
4.3220203902628835,2.2261861777927625
4.538177890664813,1.4422495757768103
4.500196405411702,0.13682855984065623
-0.043244923508319606,-1.0001833601439645
2.3142522726580625,0.4011139821897086
3.9214198245584053,0.624998963687627
1.845456530736198,-1.907260860196627
4.606008169231749,1.7593344717329364
1.05629031422186,-1.13564984236467
0.48668056430831796,-0.5466184001729097
4.181265466297271,-0.7399119659438494
4.535311871963846,-0.14363663089120637
3.5087024433354177,1.4900904240574224
3.367145260256021,2.936562358790345
4.427549076239659,0.28790977249548866
4.670280858372046,-0.6292412391241252
3.5950645081661934,-0.45775676967934076
-0.5461316361949946,-3.0434376919580037
4.454459516432455,0.8513149076920141
3.310525925535256,0.5090306795148493
4.151539653978281,0.5157141985227945
2.9559395650366613,0.9934515779936742
4.011250411710751,2.1309106098364214
3.4433917864034593,-0.028562431519123965
4.128126805950915,-2.310506862771523
3.7681798852670227,1.6456274754209947
1.156109617159784,-1.2973163900266298
3.812006983737216,-0.4050774847451941
2.4379370852797786,0.07224368921925997
4.114019392029404,-0.146682666952196
3.481006661819858,2.2195026587848163
4.2849897191455515,0.8884352824366009
3.8304597758073764,1.0424753236267368
4.113835484951803,2.0103876430219585
1.7907147773549459,1.6528647815526223
2.9133094436145948,2.885722233091747
0.6670985290374195,1.9822736306632707
3.771063817637467,1.3953794814055118
5.726473120808092,-1.6288648635168745
3.5909266595815668,0.25940049367192475
3.868619908523392,0.45683821289499393
1.7296084859849723,0.864012296444485
-1.3792298640634464,-1.7765363020505236
4.288826055622324,0.028053502373848932
2.26493593452904,0.2439258297920365
0.5251563732495867,-2.380227121058956
2.7489031424607355,0.3367527855909901
2.2761355453623686,-1.5754009027347353
3.1016675223150303,3.125656484599371
5.055940128649669,0.07492359674514765
1.6334420697774599,1.6357956335868498
3.64941372806038,0.9551040082236409
2.7354406195665772,2.026438438158232
2.4620888156929053,1.5799504607865567
4.104979122097344,0.26018859380721215
4.562094071547111,0.41849064312496054
1.5905176641856007,1.0600174780506324
1.110453152821082,-1.697792696658933
4.536801337708858,1.9209198039921578
5.655390710063453,-0.17525378446246886
3.0634053831453114,-0.5719002152118903
2.131301576632111,-0.7654175831008758
4.43380812178264,-1.4657441520439092
0.1874414865963479,4.436398291144923
0.6439396414940565,-0.7811826290786854
3.0231437148598443,-0.6160555139084634
1.7414020901421383,2.4217425097397234
0.8990332742621688,1.0165589590918365
3.664826314997245,0.21921391830857165
5.105202634466764,0.5408760430771661
2.759211584415283,2.344288983286096
-0.8985715241529638,1.2417151067461687
3.0789094656961753,-0.016268555644449206
3.7273795653723245,-0.4954141375789497
4.888276637036108,-0.2221238788337676
4.271681584282885,-2.450125570493397
3.1137843378335424,0.6593778101244397
1.0072972791676997,0.7586897538100339
4.959359047780746,-1.6757349578881728
3.9780560770701916,-0.06722206558249211
3.065280962367059,-1.8639259620070745
3.527466978550335,-2.1707556400648143
2.923251446454476,2.7252723736284303
3.5818148848834865,-0.4897345847362329
2.822606719247588,0.12733268181224813
3.9763647905781028,1.8614260101917983
3.4078086565864556,-0.3180346849024053
3.9271022847610073,1.39547356385978
4.2849897191455515,0.8884352824366009
3.179076458986911,1.5841208950805998
2.183005792366846,3.4543853340492654
4.3220203902628835,2.2261861777927625
3.5331494387529365,-1.400281039892661
3.88101343004214,2.3007281299465263
5.129839784065347,0.03473702138179488
4.467186363500801,-1.4246817865991508
4.810540645143657,0.6784444765923374
3.691951272789061,2.7746180650469645
2.881520174736789,-2.9159690349772425
2.9351258200040156,0.058337869065830134
1.7039104908580192,-0.4829503225430325
2.6040514307830476,-0.12775982561786026
-0.6563634860963702,1.0244374637096458
4.085545905954049,1.2198381348059273
4.07896777748863,-0.09523115730616358
3.6304397201303877,-0.8636261999158882
3.167776899746911,2.50593864267588
1.8566683896441092,0.5354953999987975
3.856789697579296,0.26958172119494916
4.754826571868837,-0.594844962747574
4.045302151338058,-0.6604513645741453
4.719285366496518,0.13196057677962894
4.810540645143657,0.6784444765923374
2.628023326435477,-2.1830354104697047
3.9448312500298273,0.7187544204681351
2.053479365383211,-0.07870500845073694
3.664271339689084,-0.619342101938562
1.7531708902829193,0.9317485614369091
2.3252737055588746,0.4346986887845711
4.135316645568005,-1.3116100283995058
3.477170325343087,3.079884438847569
2.6042843120404457,0.5280951840809195
3.744624701426235,0.2639086056648118
0.27447855832893053,0.3691633547794254
2.8103192180797527,3.1574793019909047
2.4252424373052324,0.8788218944095016
3.9522797478643796,-1.309953259082034
4.015086748187523,1.2705288297736692
1.996691486903245,0.38950951696378777
3.408262420079048,2.6788796865834232
4.888276637036108,-0.2221238788337676
2.256881437007316,0.5617867650919285
4.047262908593083,-0.22880739784171283
3.9412096986825187,-0.7683506319595471
4.5303892026515635,0.2849144025894115
1.1279569292655667,-1.6789467264712958
0.5789704395478595,2.871023935901833
3.1487849781474435,2.5233426352198514
1.6859742907859885,3.9049758577330738
4.045302151338058,-0.6604513645741453
1.910393360681728,2.067658054126327
3.8724562450001634,-0.4035435671677581
3.3819051794579646,-1.5072809442262824
3.66917609533189,0.7882410652643197
4.544932723442085,-0.2847812634982373
1.1330257296731816,1.1040958057831667
2.987344511794901,0.405999395190475
3.763275129624217,0.23804430821811248
3.4160827637851616,-1.1745453049776744
2.1972134853507734,-3.221987830346808
1.6357595407962657,1.7497293754662973
4.64303884034908,3.0970853670890977
1.7035437265798699,-0.08831590525469613
3.521127778295909,-0.9291307869452288
4.318029216552371,-0.4729364981536808
2.152937574482053,-0.527910798513145
3.93970231926803,-0.9967728661594116
3.374614707597953,0.2775252786319421
3.685539137731767,1.1386126636442173
3.1974205066066608,1.6272994241204553
2.1657355398777094,3.646166970076019
4.230343679384708,-0.9105818485909369
3.6466401226299894,3.042764064102982
3.9365450270628597,-0.6350489680506652
4.501147219547482,0.10449868042064922
2.3046737956134087,2.058526606547636
2.7728587942450362,1.6752260287428975
4.888276637036108,-0.2221238788337676
4.051868737977036,1.7413658538845356
1.6731002152298484,-2.32570709267141
3.4164630793606814,-0.4846792773786538
3.6129895520638398,-0.9652423846555965
4.011137498921696,-0.4123160532622898
2.3108789072049527,2.074365042780675
2.783080726787933,0.6694884248395979
5.129839784065347,0.03473702138179488
4.080457243233642,1.9693252775772003
3.490449404121711,0.18898012687437174
5.165380989437667,-0.692068518145408
1.168764319619693,-0.7046442761864945
1.3930572141597968,-0.2560017399441783
4.40119261547657,-0.7205578503160182
4.1346933925898925,0.09131035568715759
4.297100162821029,-0.82845711770142
1.9603509389218894,0.8246417826871412
3.664087432611483,1.537728208035593
4.442181014094958,0.6019052160912696
4.422460413519253,1.0373969152667613
2.262803793143779,0.7053873824522439
5.129839784065347,0.03473702138179488
3.1123064139149723,-2.491926551105514
3.5818148848834865,-0.4897345847362329
4.56241091147544,-1.9802336420819056
4.784552384187827,-1.850471127214218
4.230711879191967,-2.431029829585986
1.8927937993154968,0.7190040554193744
4.194515089579977,-0.7079341508869573
4.789272847100976,-1.0795102889904422
2.977236818575262,-0.17147578345363557
3.6270567614941522,0.19997731267943167
2.887818070470826,0.30324914897291444
4.295238190679617,1.6640589037765956
1.707825554408047,0.15956717158809022
4.082804113965402,-0.9556129373689156
2.6598528842187594,2.090447757844931
4.646713490006867,-0.47898477904932946
0.9881964531841221,1.671147289003956
3.734532172785927,-0.7557269325304863
3.0860885563179834,1.388790044851834
4.788204813586997,-0.5537825973028154
3.58752007582218,1.2642846516265218
2.8835100568319856,0.0028507582333374137
2.7016219319187145,2.363025290741369
0.1378783656306847,-1.071806265584868
3.1974205066066608,1.6272994241204553
4.888276637036108,-0.2221238788337676
3.5908894273780803,-0.9998091356516292
5.101550205067594,-0.7558124868342365
1.757623988825327,-1.6063290804939605
3.5963986737153975,1.4055841785749381
2.648992991050468,-0.5430767205858822
1.067411324657428,0.2656103639919224
-0.06915336470404282,-1.9714368944006218
-2.0659352340490527,-0.535883385526203
4.080457243233642,1.9693252775772003
3.5615023593704316,1.6582511748500557
3.704930650304562,-1.1602377430466044
4.6023557398325785,0.46264594182153385
2.929565833302045,1.3758907523812773
4.292846684828753,-0.19570594870979713
2.7909498315508077,0.8468043044759871
1.746349250473089,-1.5875962539301571
3.443975990702527,0.8817517634286557
3.307683587740403,-0.9021463427169703
3.45891728612938,1.7787741416645184
3.2266178826086596,1.3144784646499714
3.552790722746772,-1.8118323393201636
4.038089705810295,0.41971783815040664
2.677488115175064,-0.9808156815094273
2.960442234748384,-1.2693821073651697
5.200922194809986,-1.4188740576726109
4.2849897191455515,0.8884352824366009
1.1145287804898405,-0.33670348538759737
2.2819384362087267,2.037173837323399
3.622336298581004,-0.5709835255443443
4.369321753172897,-0.5331979815609121
2.512333181112246,-1.4871130059587834
3.9755962935493767,0.3144894862649127
4.200687140614124,-0.6128135805959748
4.683744161124198,0.8587661163068315
4.810540645143657,0.6784444765923374
0.8813705671178395,-0.7429825432632171
2.5748851282645364,0.9758414859885346
3.5148981882488464,-2.0983589894359205
4.683744161124198,0.8587661163068315
2.62403261490038,-0.15268629313023485
3.76603483528234,0.5773611797094564
0.08651327985934901,-1.0954823977467074
3.339912993542905,-2.1490296309868357
3.5306373674442124,1.1650071241217863
3.169402801762385,-0.9366194832267137
1.9919649593450934,-0.08327803061614153
3.634516140630307,-0.18312314886687664
3.40785058103114,0.6982431080080788
2.572622858901657,0.40097300254461576
4.080457243233642,1.9693252775772003
2.2309448258470534,1.5348452362072635
3.6262574188851153,-0.09169596112441768
5.309735110378673,-0.540013952063433
2.890319778436326,0.9378153900359937
3.3565161199659297,-0.25777320149517374
3.0032273533378917,-1.901576128436075
3.323815366870452,2.5060327251301486
2.824949283390206,0.23901894223246298
2.9190512622043046,-0.7239547812938653
2.4953126058293824,0.8552010091753808
3.2022275140397416,0.04949556867343832
0.5829799898899154,0.3757234417846669
0.25508879896782566,-0.009578587524179241
3.7725446580607853,-0.15755950963791815
4.692186326984923,1.968557587970328
4.493542824263891,-0.4162141637876441
3.805115557264774,-1.3959824930050546
2.5198323095447592,3.837100101478364
3.2336388707325705,1.027659367505547
4.367814373758408,-0.7616202157607767
1.113514299570836,-0.009735838047516224
4.441893629662547,0.0777473742680464
2.8543068959019373,0.5038407587608673
2.6805028740040404,-0.5239712131096983
2.4392314327764932,-0.0294395930848685
3.7333121778038505,-0.4599913249071277
4.258207519562285,0.3263080084204345
2.3420952087747886,-0.18428298505064447
4.2849897191455515,0.8884352824366009
4.426296749996024,0.17701513520400933
4.444056593316706,-0.6901205307039149
2.194026605343364,-1.9891507893360991
2.7823403587209232,0.32610921952874494
4.008974535267537,0.3555518517096714
3.543628213176301,-1.6854586992477845
1.7397068125264954,-2.162800374637786
4.959359047780746,-1.6757349578881728
-1.1343763596719865,-0.0712842910482925
2.7890693337065455,-0.43660966427537484
1.0024686968106824,0.33713965894653675
1.8664020216050825,0.8858084463623508
2.2775298412657548,-0.7795752001073726
4.219025426617238,-1.3303229083103556
3.029297852224514,1.3151992570660185
3.1920177660212365,-0.4767421572542403
3.4103103645519552,0.31653155616067397
3.53516877634405,-1.4043433737121707
4.09731565667487,-0.20309293702489828
3.9742197405934196,0.7931597144802599
4.359908466366962,-1.4255575766805564
4.255816013711422,-1.5334568440659582
4.175394406775871,0.8896155802712221
4.151539653978281,0.5157141985227945
3.692560918686838,0.17120740627746897
0.281335781404987,-1.4031193570033802
3.7225698088490984,2.476363559000379
3.7410987594249048,1.6460902859281945
2.5939065053599224,-1.964444633585525
3.62778206927113,-1.2541805241236639
2.373593242703889,1.372783432465192
4.61302995018682,0.7919292143661883
1.536772229001499,0.18202232833283563
3.5590185650744077,-0.8124492668965232
4.2868652983672995,-0.40359046435858326
3.7681798852670227,1.6456274754209947
4.080641150311243,-0.18774503239695448
3.308846791096007,-0.15914330214859607
2.2097721516635214,-1.1344376921590815
3.618138611882217,0.9660301455799368
4.2670754242431865,0.9897591312885908
3.9250722539575764,1.92168749359903
4.528359171848133,0.8111283323286613
4.551063203212052,0.5229074252287652
2.4961226416507363,0.6247226870594897
4.677090579976387,0.305723392678531
2.1912558887903444,-0.254537279619988
1.5088734838998734,2.062169219617274
3.837117246026979,-0.876249899344949
5.105202634466764,0.5408760430771661
4.353040550078589,0.8688767310219897
4.653717999990412,-0.05548323921696716
4.570496419355347,-0.43674211576995015
1.9805212609278442,2.172927198767114
2.3008392119383103,-0.6345822906104327
3.875215950658287,-0.06422669567641481
3.9763647905781028,1.8614260101917983
3.7916221887903054,1.5489664096852234
3.685539137731767,1.1386126636442173
2.6174738049689705,1.627588244764727
4.579651708468659,0.7508668489214299
2.0872595105739955,-1.2067018333169663
3.434802787919739,1.5302769994207752
3.5878882756294392,-0.2561633293685272
4.50893749753128,0.6840299469807867
4.4719068264139485,-0.6537209483753746
1.0451746620594615,-2.3709024047435445
2.976428662641094,2.104896402745067
3.45004536755127,0.5244802921091762
3.222230870070528,-0.5137583116293305
3.736659309101134,2.1486735638645516
4.888276637036108,-0.2221238788337676
3.1728655624673183,1.7564514999046075
4.367814373758408,-0.7616202157607767
0.21116400807087138,-0.8282708202124148
2.7482138679388846,-2.000726705915374
3.974249196089337,-2.129722412549829
0.8185017800372201,-0.8072127500036687
4.662177436822663,-0.33659856475258165
4.2849897191455515,0.8884352824366009
2.798589126264374,0.7571016636961411
3.2734952544179245,-0.8287202158413118
2.4738074344379726,1.324786687002862
1.6517289268591893,-2.9066108418310455
2.3469813755894404,-1.4820576986012042
4.923817842408426,-0.9489294183609701
5.052103792172898,0.9353053768078997
3.921188099113163,-1.0466653601310651
-0.07626570407625646,0.7538903299497345
3.541104270172043,-0.7111254180445333
4.888644836843367,-1.7425718598288162
3.721080343104086,0.41180712411701503
-0.31427846353202554,-2.0133237558585155
3.761710211196812,-1.0644855581814607
3.692135179866662,0.6175477550728095
4.606008169231749,1.7593344717329364
4.35607212989019,-0.5651757966178043
4.597635276919431,-0.3083148964022422
3.728186907886496,0.7840712112329451
2.646788323825809,-1.114409681306028
2.3880347086955434,0.8543252190939753
-1.0753572118508876,0.7426232600246868
2.6124050045613556,-1.155454287489735
4.283511795226981,-2.2628690787933525
2.1972134853507734,-3.221987830346808
3.6144861824830468,-0.3306583843314661
4.2849897191455515,0.8884352824366009
4.5019157165762085,1.6514352043475347
3.4802009325876457,-0.5866434944656226
3.8394462030892624,-1.9650539136075655
4.881623055888296,-0.7751666024620679
2.0585389081076197,2.1006755560167534
3.462067028008298,0.0533300391617442
4.080457243233642,1.9693252775772003
3.9745186668522723,0.23056962995689365
4.328503519608722,-0.8381053938773572
4.238785845245433,0.19920962307255966
3.878074766593506,0.6366296895786182
4.366320601424255,0.21044782472219017
2.303987201015555,1.1934642841076146
4.218111844684945,-0.03878339956679458
3.3536741120401694,1.0087525854307928
3.1540136748574517,0.29690286390617526
2.9590656817924286,-0.7907118791498224
3.2178767904890826,0.7672770775098416
4.045302151338058,-0.6604513645741453
2.8164898465579546,0.5201342677680769
3.0669837219294585,-1.1370326257029064
3.263684381064943,-1.0200390413608662
2.2089494182035714,1.1985978704233118
3.124734459549884,-1.1427224875861408
3.763033683533699,1.3210069859925588
3.8743318242219114,-1.6955693139629426
4.202176606359137,1.4517428542873894
2.7396229208118497,1.2545081993667613
3.511901109241995,-0.2101354175170034
4.814376981620429,-0.18193730347041448
3.4503817539167865,3.2671434391683123
3.7726308774172352,0.056296271138048026
1.3071358982870904,0.2553350883666068
1.9080629810635008,0.42399646387513423
3.4116869175079114,-0.16213867205467325
3.4131763832529236,1.9024177628286902
2.206786454549413,1.9664657753952732
2.9058975659501556,0.5615753510525933
5.4138275630342125,-0.43211468467803105
5.518288215497012,-1.8446633982876783
4.462095953060967,-0.8450397738949288
4.029716813497977,-1.647931529984772
3.508064772765224,0.6502463625457485
1.7749262139032536,-0.2728889038909026
0.963152878593763,0.4786472058971758
2.233125703170688,-1.0691568694481968
4.442250287643365,-0.35595268038041283
2.3365446579170817,1.87116673779253
3.6974835879991197,-0.2573436272031481
0.44250493250201417,-2.3650903369159924
2.568326318333127,2.7561160238834965
4.118942061341687,-0.5752337004328135
4.2849897191455515,0.8884352824366009
4.217159440578617,0.5713503864804752
4.606008169231749,1.7593344717329364
2.650453685135813,0.763149799165838
4.372974182572068,0.7634905483504908
3.6956746964767766,-0.628990378114499
3.758111014221418,1.7495580194731761
5.655390710063453,-0.17525378446246886
2.556701293843106,2.4591626307588497
1.8522185533060518,1.1090172901618316
2.809426494338706,2.200107643570845
3.868619908523392,0.45683821289499393
2.6154437741655396,2.1538021745039773
2.3267631713038868,2.499255123667935
2.4031713842703093,2.2498186994341416
4.855266595125206,-1.7836342252735748
3.652190351509524,-1.82533182883063
3.03174677775514,-1.6609764105965295
4.080457243233642,1.9693252775772003
4.112346019206791,-0.05416879186140528
3.8722723379225625,1.7535267428063968
4.35607212989019,-0.5651757966178043
4.6753712688118805,-1.2088832518283472
3.90997650694904,0.2588532983072327
1.3801194312198872,2.0174290519020883
4.4719068264139485,-0.6537209483753746
4.079129464307615,2.6204572087695115
3.6025758799528096,-2.1005160569272596
3.479517196074846,0.15494622390145293
4.194515089579977,-0.7079341508869573
3.8837451110278463,-0.8032097188432984
3.8724562450001634,-0.4035435671677581
3.939334119460771,0.5236751148356372
4.037008707913932,-0.7002721483291866
4.276115442621617,0.9743704339053542
3.167776899746911,2.50593864267588
3.737398191486896,0.8301592741375304
4.2849897191455515,0.8884352824366009
4.399986227574828,0.7756680319901719
1.2638360724308124,2.513987518589198
2.384315591596969,1.221309186889108
2.098335014028159,3.4735844520117385
1.3640287129623891,0.39367825323146477
2.714190735193371,-1.567650528108047
5.209295087122304,0.6487753104625678
1.5328331950279115,1.5388689645964084
3.3895142436713415,-0.28064303861977663
2.906809992070294,0.28584515642894426
0.6184317693458347,1.3398874529324418
1.0405317625164943,-0.4882112937208827
2.1003945003275075,0.024488395242398334
3.7348016435488622,1.6045651099762366
3.483950274555583,0.4017492203020059
1.7696444934701996,-1.0616700193214805
4.080457243233642,1.9693252775772003
2.965704207355818,3.2051170859690754
3.2587617117526615,-0.5914880078802485
4.717795900751505,-1.932595858103735
4.883112521633308,1.289389832421296
2.696961149370848,0.024559008050264522
3.5178756461182052,0.8415651880653027
0.9271659731693086,-0.9983233323029462
2.7269345280697603,-2.6719335451515636
4.893365299756515,-0.9716110216050402
3.5165478671921773,1.492697119257614
3.460947316932811,1.2525602119252683
3.64941372806038,0.9551040082236409
3.663318935582757,-0.009208315891292645
3.4093400467761517,2.7627995428914427
3.9572778698590536,-2.5005308610464416
3.443975990702527,0.8817517634286557
3.4433917864034593,-0.028562431519123965
4.151539653978281,0.5157141985227945
3.09557322306452,0.3745453058518732
3.2269745405894774,0.8807784100015126
2.0324511382494705,0.27480696771377044
3.291023504599685,-1.315751221439802
2.389087732071627,1.318767544036987
3.7098814161070086,-1.4500781855179463
2.4354773017589624,0.45395524106666485
3.13074622862958,1.1681877473197193
3.51803733293719,3.5572535541409778
-0.39704276691651685,-1.7537065760696768
1.7069964031225875,1.0619301134678263
2.3053624728820283,2.047801060924623
4.46872138193565,-0.5466974710713783
3.9755962935493767,0.3144894862649127
4.25197967723465,-0.6730750640032062
4.35607212989019,-0.5651757966178043
2.598891677752353,-1.5368807599336534
4.080457243233642,1.9693252775772003
3.477722432227947,-0.5976338521216348
3.1888995168642844,0.24346439076917528
4.263721921102869,-0.8695194831461786
2.9559395650366613,0.9934515779936742
4.855266595125206,-1.7836342252735748
4.888276637036108,-0.2221238788337676
4.2849897191455515,0.8884352824366009
2.782301536546889,-0.355296503167547
4.606008169231749,1.7593344717329364
4.359908466366962,-1.4255575766805564
1.6031235601440303,0.41538116130704705
1.7363126475637372,-0.006463355487201922
2.1194107426336157,0.4128251322617681
2.460765729008075,1.9881505555657983
-0.8255833724425191,0.9220270729352763
3.2288269122054234,-1.0348232202007388
4.60984450570852,0.8989526916701843
3.3481576452456934,-0.08265812403201553
4.143878137199122,-1.643962806651552
2.556642782263147,-0.8474204071142563
4.880610813667808,0.6548235913582164
3.3830432663783423,0.18682647561260748
3.0860885563179834,1.388790044851834
2.223156137833804,0.3775100630198647
2.8102063052906963,0.6142526388921933
3.166287434001899,0.4413822077925167
3.3852062300325008,-0.5810414293593538
4.406709082271045,0.37085285914679
2.4508294051611403,-0.9432655145679919
5.500005720787388,-0.2228915684406394
3.786545678122739,-0.29836850498123935
3.7566215484764056,-0.3149984154101877
1.936056542826247,-1.916265606499807
3.6138725226880606,1.6819095477508437
3.219665825190897,1.82401602438545
0.9531860623470237,0.5313402972329255
2.7028307788554007,-3.3265924535195723
3.1716132362236826,1.645556862613128
3.728360121751781,-0.8508475028214689
3.834615538061479,-1.5108161404080285
4.008253566551251,-0.16206805924680712
1.3949449324612175,-0.28657037595657553
3.6817322567509128,-0.9238876833231197
4.3157224945288455,-0.9930320061573946
2.120238706904587,1.6100717632458772
4.888276637036108,-0.2221238788337676
3.6243049012997273,0.30046285911668313
2.3021505127239723,-0.5753935848259571
3.4788910673310935,-1.7716457639568106
4.043426572116312,0.6315743822210391
4.35607212989019,-0.5651757966178043
3.339299333747919,-0.13646169890452586
0.9071302858769639,-0.841699696915015
4.959359047780746,-1.6757349578881728
2.641868512598581,0.9207933929816868
3.8037390043088175,-0.9173122647897074
4.719285366496518,0.13196057677962894
3.022100462281173,-1.047417781700026
0.8292189517400316,0.4771212810120192
3.021010206701604,-2.7710697359665915
0.6981730900622226,-0.1383921908818972
3.098688590825006,-1.0034563851673572
4.25197967723465,-0.6730750640032062
4.606008169231749,1.7593344717329364
4.80397405850468,-1.7233727418663434
2.486452645270654,1.0635721315197957
3.470193848299516,-2.9989648325286926
2.3271313711111463,0.978807142672886
4.113352982271095,-0.6800099159887568
0.54042487116134,1.0059773295585366
3.322452462133133,0.9492085893509826
4.035760748748012,1.508521852413023
1.0973829826162023,1.3115568873912777
2.644285460048154,-0.733166608249195
5.1726326158122315,-2.2094235658886423
4.3220203902628835,2.2261861777927625
3.583867646423009,-0.032403878284881005
0.31697146793850733,-2.5960256558297594
0.5629167192216112,-0.1769454244722016
3.127379793578428,-1.2719618176755134
4.371167876898727,1.0976583986739927
5.138598789854401,-1.254195792161575
2.2901006999938147,-0.35894375268327505
3.608998708222421,-0.9866622514442535
4.2849897191455515,0.8884352824366009
3.5947676882995365,-0.8439131228038971
3.7205397780456675,3.002577488739629
3.162431408119202,-1.3234133273215458
4.5429892371585865,-2.10733202742978
2.1282940382602935,-2.5362446562643637
0.021594214010449433,0.1053383613245659
4.204523477090896,-1.473195360658727
2.123335721344942,4.477636344478974
5.040303816582714,1.0028597660759644
4.814376981620429,-0.18193730347041448
2.301819318738883,-0.6141075264669704
2.3672658914739344,1.0764473755451243
2.1338762194004786,2.7467789124845345
3.8572419753906417,1.6046025976429035
4.80397405850468,-1.7233727418663434
2.4213757182102182,-0.3638220447848203
4.139853201403551,1.616421119798425
3.7040617164645386,1.0577256649089428
2.666466840023131,-0.26675135140997663
3.8810299211556725,-2.267871675250783
3.7851691251667825,0.1803017232341079
0.9834731376781831,-3.553903069088395
4.371167876898727,1.0976583986739927
3.1235658244467372,0.031289424249035025
4.819725389752888,-1.056828685746372
4.5303892026515635,0.2849144025894115
4.2849897191455515,0.8884352824366009
1.1017074873685753,-2.9566445270664548
4.432370140741976,0.4105863905717154
3.4071070064041797,2.2596892341481696
3.0405510156528153,-0.702887519808299
3.4276129483026496,0.5313801650487576
4.432370140741976,0.4105863905717154
2.717491785767907,-0.6414110132411185
2.27343694262547,-0.7497576141795974
0.9184012382351707,0.5947683520929439
3.300517538024338,1.2742918892866186
2.0802004974154387,-1.498506205273772
0.7789406617662741,-2.4730130739477962
4.50893749753128,0.6840299469807867
1.1080653535230935,1.4944862332388138
3.732369209131769,0.012140972441474676
3.5933911353435803,-0.36524289458854997
2.115294036400896,-0.5336799220093202
3.588468466031298,0.06330813889206763
3.45891728612938,1.7787741416645184
3.8759247673217327,3.0502152727177996
1.7155873502496224,-2.193304791814309
3.829267129929021,-0.6359247581320707
3.3443446364945313,-0.7764130708795701
-0.6315732750004955,-0.3835086178368441
3.9058344867183243,-0.3624812017229997
1.3127529973244887,-1.4369572594008266
4.855266595125206,-1.7836342252735748
2.664303876368973,0.5011165535619845
3.7762818842604626,-1.3794808034643593
2.486049962350054,-0.06916335794102135
4.888276637036108,-0.2221238788337676
2.872101113341051,-0.7107373186306001
4.923817842408426,-0.9489294183609701
2.768128738148763,0.2946176425234758
2.4354643698481286,-0.12691570949379835
2.038689447408107,-2.0663331077419453
3.7696872646815107,1.8740497096208595
3.860160471691141,0.7379535384306078
2.6753251515209056,-0.21294777653746627
3.09491763882485,1.3708354450236986
4.539148208440618,-1.0040184109539583
-1.831007947207197,-1.7229818072976397
4.255816013711422,-1.5334568440659582
3.1191327459660005,-0.21551357215151773
2.1402139970989618,-1.2273115451488603
4.226852936804521,0.5084179875733358
2.955969020532579,-1.9294305490364154
0.252678002599974,-0.6732208842243625
3.4019529825185697,0.5464094289798562
2.7723702269193247,-0.7169982396239707
4.278174136089804,-1.7941394626416614
4.113835484951803,2.0103876430219585
4.539148208440618,-1.0040184109539583
4.524706742448962,-0.4855601975827416
4.320530924517871,0.16162974290939844
2.796002684623672,1.57057313689497
4.4506231799556835,1.7116966877547661
4.076804813834472,0.6726367476657974
2.619349384190718,0.33556249796954307
3.4898117335515173,-0.650863934637302
2.045021717260576,0.8054426647246682
3.095531298619836,-0.6417324870586107
4.217589193296001,0.7158527643723203
3.255044701046282,-1.173250477733039
2.2977174342432356,-0.8221965812265098
-1.176416694610434,0.8682903419065444
-0.40716253566563837,2.2014194570566006
4.061053482586265,0.006092691545826048
2.4227476290771137,2.188146622157489
2.156732339694646,-0.6757244601398772
5.105202634466764,0.5408760430771661
2.6497744199900284,1.5847307539014663
3.4106272044802837,-2.082192729046192
4.406352424290228,0.804552913795249
4.35607212989019,-0.5651757966178043
3.41890131167899,-2.9387033491214614
2.564489981856356,3.6164978039462494
4.6023557398325785,0.46264594182153385
3.930938621237779,0.535091783797028
1.7855442753289703,0.6499056133610959
4.27689848212056,-0.35089737302283375
4.6151929138409775,0.024061309394227237
4.639570318027511,-0.35667347279645956
3.7227537159266992,0.31929324902622425
1.0603817669947888,-2.949076134994973
3.481006661819858,2.2195026587848163
3.5520890725644962,0.7658915797304111
2.4763729720178227,-1.3109716104476916
3.974249196089337,-2.129722412549829
4.959359047780746,-1.6757349578881728
1.7692451892297627,-2.169177067769768
2.352776639586189,-1.1689823172697493
3.802952593610616,-0.6281145880330934
4.397823263920669,1.543535936962133
2.3946882898433546,1.407367942722276
0.7954492512451329,-0.23164571495243205
3.6783787536105956,-2.783166297757889
4.2849897191455515,0.8884352824366009
4.2481207348472045,2.266372753156115
1.2297354394404225,-0.7771603623258488
4.2849897191455515,0.8884352824366009
3.4433917864034593,-0.028562431519123965
4.045302151338058,-0.6604513645741453
4.025512277213946,0.7328982310730288
2.9378582808477156,0.13209302827420416
3.1609017936659556,0.05706396074492004
3.3723093756588205,1.425048647535281
2.7859539659460593,0.9413920267438559
2.733807527758521,0.7256875744273199
1.3327918599744506,-2.4146059674957687
4.881623055888296,-0.7751666024620679
4.742710366576722,0.36135958063621143
3.2033181051192305,1.7791331031486777
2.4493731059086277,-0.1834071949692389
3.1906792835464555,-1.8720646847976212
0.4893076547982931,-1.5174263387365692
3.4610623361140624,2.8470404373760565
3.589720792274934,0.17420277618354665
1.8748629043046903,2.3883018275292645
4.72077483224153,2.1965170116629924
1.7777685516981063,1.1382881183409168
0.49995162979862273,-1.4429539471600241
3.2728217565087787,2.003704124014013
4.022158774073628,-1.1263803833617405
1.6254636365466153,-0.06093624071328323
-0.8852526273218501,0.31583502533137897
2.9178408604053527,0.18142837432513967
2.091791818240096,-1.5529416028331862
0.7580417697789913,-0.40258490145683856
4.320530924517871,0.16162974290939844
3.6308930979709237,-0.6604044673833204
4.652210620575923,-0.28390547341683203
3.842205908747386,-1.6257370421162218
4.0027212513411925,2.869893633003305
4.446970750556512,0.4150081578433634
4.006557587817964,2.0095118529405527
0.9594373034164939,-1.2289288276623274
1.921138000396532,0.42327411607938736
1.7353903210624424,0.1108322748338634
3.5904475226078554,1.452510543894261
0.7227265607068308,2.3000438327415766
3.3370944456490763,-0.3848715868430487
-0.9016872450939554,0.8908708864188957
5.4138275630342125,-0.43211468467803105
2.9363099728669995,0.1710115090259707
2.9191948882673486,-1.4877603524463172
4.888276637036108,-0.2221238788337676
3.283598664359836,1.8365225403578471
3.5970435647427506,0.9314456353228527
3.855031540929344,-0.9775737481969388
4.810540645143657,0.6784444765923374
4.784184184380568,-0.3300231462191695
2.71468398686936,0.7165852647784021
4.769922318877373,1.067989232544223
4.288826055622324,0.028053502373848932
1.6059349433636638,0.08119555172249379
4.219900879386758,1.017955547308814
4.078777755613887,-0.4276946154327488
0.2259026471096893,0.7682732308874287
3.8867138039142177,1.2350685294351798
4.234162744889953,-0.38005683145457825
4.701371071594153,0.23328442563161864
0.6262642846031732,-0.18723370023911187
0.7461101748991142,-0.36153681438166196
0.9778265831448667,1.0612714057091275
3.003544134436509,1.134696651211146
4.135752752437014,0.28251850133217293
5.060080726324441,-2.0362075077384296
1.8753627234016428,0.894360148727103
2.803662778846887,0.9977845375555064
3.4867969747225405,-1.1077084030370312
2.4227271547309486,0.10861210627034817
2.8593165597230534,-1.7734847695501306
1.9298843085469881,1.2368985430025201
2.5295008833688972,0.6657850525042482
2.2318439901872655,-1.9994587181346344
4.610884900202137,-0.2763370813453503
1.649580960369758,0.7293662147308002
2.8856730204861436,-0.7650171467386236
3.1164700086596078,-0.7471364289911614
3.1602698670209874,2.1769201821642254
2.946569137613382,0.42448353444622466
2.22362748512678,-1.1394125753355924
4.424433355298668,-0.06293444783178484
1.7983641783658437,1.6022277781329
3.4142314848560664,0.7958191205806006
4.078777755613887,-0.4276946154327488
2.1687041088111623,2.88737348225425
3.481006661819858,2.2195026587848163
4.452653210759114,1.1854827580155163
4.11527171827304,-0.03578802966071709
3.3256216725437926,2.1718648748066465
-0.2675708020824632,0.5662353920043158
-0.8626135304456447,-0.9863057330564087
4.2481207348472045,2.266372753156115
3.9271022847610073,1.39547356385978
3.9271022847610073,1.39547356385978
4.526552866174792,1.1452961826521635
2.472507972876294,1.791706136422826
4.918653727005627,0.5625842928940933
-0.599545212024995,-1.1990305106683274
3.573452810608903,-0.016924875503980835
0.43103218270814275,-0.7572107730775798
2.990104217453025,0.7453162666818186
-0.5751598075233093,0.28394511037542536
3.011044813010808,0.014088959882967822
2.444614966720242,1.303625091610651
3.1470081279700204,-0.06537164148673631
3.9602568013490775,1.6285820087202856
3.3249681946963174,2.2194085763305487
4.115997026050018,-1.4899458664638126
3.854375956689674,0.01871639097488685
4.330779396051936,0.9372533642493927
4.151539653978281,0.5157141985227945
4.53529395829437,1.6924975697922933
3.490670929054856,2.084812085177031
1.9806050488767282,2.2289780353876782
3.873122578235115,-1.80599547246385
3.0785427014180256,0.3783658616438872
2.4894343258508234,3.798711160154212
1.325942916930502,1.1113828979346758
3.2494196574766945,-1.2286787034045712
1.9099385602852488,-0.86802928292005
3.603805600285771,0.0894446174607888
2.6102484275303732,2.1268864969288166
4.074958690108642,-0.9582196325691075
1.456998935696321,0.13508015951736305
1.7531729966751142,-0.016997876211013993
2.7756002330531784,2.121831189571237
2.692802175851185,-0.7576474800685716
3.0800601871298454,0.6458537332038744
-1.0056191183975034,0.18003803596964588
3.4510955198673225,2.899733528711806
1.5760560825205485,-1.619650392180266
4.613047863856296,-1.0442049863173113
1.396242658638096,-0.3630252172481746
2.661540964150899,2.066625013521585
4.960848513525758,0.3888214769951912
2.355404192251579,2.5896815374525044
3.589550106625611,0.7380707218872721
3.5849137848418526,1.7520066316305636
3.6006427617181456,-1.8825979423317842
3.923295403780153,-0.6670267831075576
4.533148908309688,0.6242312740807547
1.931689191664385,-1.8297349118347923
2.564858181663615,2.0960498229512
3.2464480247741623,2.3861432984016164
4.683744161124198,0.8587661163068315
2.9910803024654675,0.3098916650707464
3.722005466862822,-1.9664803109731364
3.4185844717506617,-0.5399790639145953
1.5786014297266984,2.516000408453207
2.966195904169542,0.7051182902135871
3.8030655063996717,1.9151120750656174
4.329997324414426,-0.7453267067535672
3.522964308838612,0.09207804529402977
2.403240378101761,1.4019650525492597
4.544496616573075,-1.878909793229916
3.4540564035745738,-0.30892670697011615
4.784184184380568,-0.3300231462191695
3.8701388297643216,-0.40148747925173156
3.2344511777239924,2.9650503194766165
3.665594812025971,1.7661504422354573
4.7801707904114386,1.8436128538842178
4.35607212989019,-0.5651757966178043
4.013056717384092,1.7967427595129188
2.573039004538707,-0.6550148942463704
3.191503058754466,1.1497162518974449
3.2994318478867775,0.3972337392200955
3.368752918732926,-1.3475643755865365
1.812881160165196,-0.7488291131980432
2.584196227965284,-0.13233045030351598
3.358406116779759,0.6929654973079786
3.1971331221742503,1.103141582297232
3.7846687088165987,-0.6739616350931081
4.131916415960243,1.1429002813949245
2.266682109848199,0.9772732250954502
2.325899903058758,-1.3809986617822136
4.475289785050184,-1.7173244609706946
2.364836828256101,0.5200933681819365
3.180868410193474,-2.063383510317175
3.5725332277054904,1.5538343927462506
3.302054372934744,-1.4201680035436064
2.196219486668855,-0.9504290280522366
4.320530924517871,0.16162974290939844
4.033185335819546,1.8058273099007853
0.7262182459761359,1.0830502339819443
4.038986341934546,-2.0435353478408027
2.8984620454711556,0.3777215405494596
3.561697015443314,-0.9049809012483654
2.853722691602869,-0.4064734361869121
2.0215082369902886,0.7629246606605924
3.8715038408938365,0.20659021887951082
4.5639003772204525,0.08432279280145841
3.860442126978467,1.5662702511063518
2.879071249206164,0.06020663268530543
3.195811072393307,1.4501146426370224
4.240149466290554,-0.8603315557032509
1.824185816188766,1.039027726493977
3.9767329903853614,0.34097802919674947
0.42704133886672374,-0.7786306398662367
3.739006179832893,-0.7762646510815644
0.11546126871027507,-0.759417715502161
2.7567508050160123,1.4423820272713856
2.678577283698609,-1.9836437515479979
2.7185264511164395,-1.5125419154041324
4.161418503149143,0.07932019634402815
3.824630808145263,0.3780111516112209
3.457604562787774,-1.0128801686337674
4.685619740345945,-0.4332596304883528
4.320542466344313,-0.9251181834371914
1.6457668589317456,-0.019151527472778235
2.0331139429463,-2.035465776221814
3.8312282728361025,2.5894118475536225
2.2123928603744947,0.79632502354758
3.913425950091082,-0.4226393080751697
4.110320952470592,0.25405241281062474
3.649330100045195,-1.40037465037895
3.9180620148289473,1.8023448246191882
1.1832643205027193,1.134623650504113
0.7968042163039852,1.1486092747422292
2.7143764180074212,0.7365906777781119
4.576367478876747,-2.0662696619850216
2.3410178721328867,2.5312151794637754
1.2290856401288013,0.030960735788930466
4.442250287643365,-0.35595268038041283
4.011137498921696,-0.4123160532622898
-0.5278785969812884,-1.7423273947749534
3.9961546647022144,0.46807641454462423
3.280757119396143,-0.2552406420962968
2.0223047539858223,0.5127926212641011
3.830331182017341,-0.6876484489001258
0.8083215510648236,1.5377257195917384
2.7741938084083655,2.973970646570327
2.300835683400188,-1.5424031292499256
4.257305479456433,0.5310995908174058
2.9010740803767088,2.849699843476397
4.699881605849141,-1.8312720092517454
4.405518542784886,-2.2562936602599404
4.445546059061718,1.3744359041794492
4.961117204430698,-0.42857948849628513
2.7747343734667838,0.3832002819477136
3.7933803454402586,2.7961218790771114
0.594834501126663,1.2413186122478022
3.8067179357988423,3.2118006049770202
2.0127089631598447,-0.41315695519485773
2.450288840102721,1.6475048500546214
3.072928872065882,-0.9047392315155592
3.492469999490896,-0.1992323141662114
1.813598600343359,-1.1390300408810579
4.153614650556562,-0.6358546172921834
3.4959479572467114,3.116525037020679
4.291585761280447,0.3673703738651928
4.27517884579257,0.697116456917047
4.829973861286953,-0.2812050644063776
2.3391194606191488,3.0839354113959137
4.549585279293481,-2.628396936001189
1.797239000044887,1.4378482066657556
4.295238190679617,1.6640589037765956
3.718674960792367,0.03016230119002461
4.35607212989019,-0.5651757966178043
1.7113340045636676,0.49121536130544086
4.381416348432793,1.873282020013987
3.4185844717506617,-0.5399790639145953
2.462370470980231,2.4082671734623005
2.4424649674484695,3.7172106747498317
4.883429361561637,-1.10933445278557
3.771998950772268,2.1761524925573528
4.371633439263654,-0.23109519862441816
3.3276517033472235,1.6456509450673966
1.7444736712513413,-0.2955705071349729
4.851407652737761,1.1558135918857464
4.60984450570852,0.8989526916701843
3.8797611037985043,2.189833492655047
4.166635400986817,2.1785483938145918
3.3279333586345494,2.47396765774314
3.9680892608234517,-0.014528974246742501
1.439954036809393,2.7479123936997185
3.086370211605309,2.2171067575275782
3.9273839400483332,2.2237902765355235
3.3276517033472235,1.6456509450673966
3.939697627026833,-0.7538410297463417
0.5718333831522976,-2.6048917524105804
3.004884877744922,2.1292823981860547
3.258679859473926,1.5143448493774743
1.78546206986973,1.0268925592723146
0.6950199212010805,0.4349919516538284
1.8528920512151978,-1.7234070496934932
5.025747331409807,-0.07316224600360724
4.116182355683563,-0.9145505719241571
2.930848041719087,0.01275035929436244
1.3059547812620111,1.3484662484817318
4.898525108570173,0.553499742506227
2.635564842274742,0.7991665204978163
4.123745212174527,1.3835771183269123
4.072791419865343,2.8462727477691847
2.686526184910178,0.7001910954495719
5.380817521123311,-1.9936250311178385
4.191145738024077,1.5561596363911936
-0.6344428529041619,3.1800759312529117
2.6290364808202806,1.6164363878363357
2.0403864778254226,-1.0352809005852566
4.404862958545216,-1.260003521088115
2.3589487671436933,0.861917407353886
3.1739185681628155,0.4980334937097891
4.64303884034908,3.0970853670890977
3.4294288471591168,0.8068598627209018
3.3863569514661713,0.08108085948896968
3.0975103551963934,0.7474699179435828
2.0942345650616216,2.139681833545485
3.6081717956354775,1.0187232369156864
4.108336931826803,-0.9171572671243491
3.8697885436265387,-0.7171736989401821
4.3271269666527665,-0.35943516566201006
4.0431391876839005,0.10741654039781576
3.9723736168675896,-0.8376966657546447
-0.15581836419861814,-2.8992798218891545
4.037905798732694,2.576788148124562
3.9412096986825187,-0.7683506319595471
3.8565210066743556,1.0869826866864252
3.948075211580348,1.070876501975767
0.9932624009989456,0.00010030138984334913
-0.5220211471769538,1.8545400072030986
-1.106756429464043,1.0259165719753651
0.6964676833755922,1.160347520845085
3.7755536319617136,0.4874539998188575
2.5235925916440105,1.036102969395766
2.380340910806965,1.0757250277493775
3.8254307934522496,0.22445702193068126
2.985295787464,-0.4093454823849745
3.616177854627193,0.5343861788475042
1.9502684932675005,0.7929287796632483
4.641549374604068,1.0325289322057336
3.086043362300915,1.4567705964924513
0.7707653471620832,0.2968158451788766
1.8501819447434114,2.5039864211804512
4.198805832247292,0.9833710370517302
3.8382679674606486,-0.21412761049662565
1.7648077716883332,-0.44420231641074714
2.5732177564130425,0.7891356015726553
3.1597637067455775,-1.6370434590939698
3.7040617164645386,1.0577256649089428
4.320530924517871,0.16162974290939844
3.617554407583149,0.05571595063215701
4.082332822455389,0.6772995307820158
1.7976855970563101,-1.2574033092932049
2.4714482598486667,-0.12834792056869304
3.7517729697791458,1.9753735584728487
1.0482641028621518,0.08179886990680751
4.372974182572068,0.7634905483504908
1.0879696958102671,0.4191972922716337
2.633070684635494,1.5283204838287645
2.5138039403566212,3.094163789830404
1.7718359392665801,1.1028653056690947
-2.438131201574524,0.24795913403548078
3.7580409608150167,-0.47027709205334023
1.3245892650226676,-1.412930697411978
3.651176223771025,0.2304817298559547
3.420555978000967,-0.514496863306429
2.386269051871477,1.031156604052647
3.424215572074332,-0.6477807679542595
2.5199745688348236,0.4568187556075767
0.6983432625973397,-0.1316782259500991
2.194240417119131,1.518647735166092
2.599405058484922,0.9631002765607827
4.513263424839597,-0.8517058629631359
2.790317646052972,-0.9165577536710806
4.6017296110888255,-1.4639460460367302
1.8266426093182062,-3.0011048502886517
2.766632107729556,-0.3399663578006547
4.14604110085328,-2.4118307116235127
4.246803047438366,-0.3072888320749506
2.9159595520385206,1.7776129919728447
1.3042935604922374,-1.1558419338652128
3.0739278218418664,0.463988409343172
3.938690077047543,0.43321732766087295
3.584276114271659,0.9121625701188892
3.3727391283762054,1.5695510254271265
4.650078534973627,0.29354590903885014
1.4114119783032761,-1.6838317046353461
-0.5591940218013858,4.0130602875132
3.969798203939124,-0.5403912082668824
4.467059550939477,-1.5409315223271778
3.4130219316712402,1.1366059457727558
2.3875677237746724,-0.5493867881214237
2.105077731037169,-0.4637603958573797
2.605635817317307,-2.7417600032889604
1.4466672217991283,-0.20232948147196178
1.9578290785883967,0.9231871958273578
3.6204901748551745,-2.2018399057792495
3.6143424241136803,-1.618621797307141
-1.49795238202944,1.034024790322516
2.3338553816195198,-0.44181734429040787
3.805115557264774,-1.3959824930050546
1.3206635026294966,1.1384206333257516
2.058497204537119,0.7614746903246464
-0.2800780144412865,0.12356412585989571
2.0108441329333786,0.4727070254760606
3.1726683378268263,0.5389582203650387
2.501370150796483,-1.214740556619948
1.7684386261635672,-1.1468677368098585
1.2771518215316882,-1.9420642962287353
0.9538000753225152,0.2476182764971195
3.367756061965953,-0.6826576140990621
3.4820470563134753,1.0442128857692818
2.775799581367259,-0.6843327229402537
2.612599990503331,-1.0409835544303696
0.9864379489736661,-0.05469856336897498
4.920447068296582,-1.417301235596629
0.9793945935046753,-0.2107489280863471
4.2670754242431865,0.9897591312885908
2.182962313059896,-2.346127047503156
2.6455993392019153,1.0426783879291779
0.3794816483949932,-0.401699920098613
2.7473671561644544,2.466616347994365
3.09004382435921,-1.2977363541713984
4.076804813834472,0.6726367476657974
-0.35427001835660793,-0.14241441553275477
4.96780121364147,-0.5659434862246764
0.7876489271906738,-0.03899968994915071
3.532431351433117,-1.2601058078533247
1.8173329321734026,0.8395326905172086
2.5984818833695025,1.6449922373086978
2.38745464026357,0.01801668030607459
0.42810069871384515,-0.5874224942212216
0.013308320912575104,1.4292377819635518
3.655358525016297,-0.5414485089355158
2.307352245982315,1.9659949721957943
3.398193549033443,2.7828102306356044
1.8564532513341412,1.154136321142728
-0.7626923503231413,-0.6226422425906024
1.5659441813702422,1.27151873182593
3.125026808049527,-0.8365573708301371
1.2933122633264937,-0.7761811951893821
3.8899171620619923,-0.7080891485523159
0.4653628285326314,-1.326282193680091
1.9104630842190358,1.6097903564950575
0.6305959233651645,0.17188404514118796
4.2673570795305125,1.8180758439643345
2.8913670225151864,-1.0812904729130608
3.5200314580713354,-2.3546094505679473
5.129839784065347,0.03473702138179488
4.080486698729559,-0.9535568494528891
2.512837126000552,0.27497119100792566
5.165380989437667,-0.692068518145408
3.2518520918937877,0.36374543413019056
1.5626150018339886,-0.8582781016570307
1.3096006562133844,2.565053081861222
3.8844006952675163,-1.7994998580151242
1.574341397286625,3.0686498809129175
2.5157210583709952,0.024723196992443006
4.150101998101101,-0.17057573330833947
4.246803047438366,-0.3072888320749506
4.283511795226981,-2.2628690787933525
2.7654546649321037,0.7303737850879615
2.390595111486115,1.5471897782368513
2.803110684935193,0.8170236603041875
3.6380441154139795,-0.34291335570759485
3.580636649254874,1.2611917183747072
3.46837072164355,-0.7738999861656676
2.5123144746116095,1.02960735494704
2.114259426835328,0.4534408099491678
1.890774461724383,0.7230663892388838
4.628799195104502,-0.3776609301973398
3.868619908523392,0.45683821289499393
0.6096432445106723,-0.24235592904727418
4.636459289327717,-0.9504495295368032
4.923817842408426,-0.9489294183609701
2.7366189109781547,0.3915019648427662
2.888877783498453,2.2233032059644335
2.7676046642038763,-1.68321179805122
1.5124307434574178,2.090127017272676
2.7129214911587143,1.4412075431460878
3.3402517378542464,-0.746595484951795
4.034978677110501,-0.1740582185899368
1.6925075044153475,0.5453463319994567
2.625005039068379,-3.547700717508926
0.7302259108001802,-0.7864268952689217
3.6435161295478102,0.8032703291954181
4.992737289498907,-1.6346725924434147
4.050742192883099,-1.0394894923009441
0.8196430660366435,-0.007088972456678708
-0.021599802002620565,-0.979622214048463
1.4222006947245636,0.8105137039956198
2.8285887484069914,-0.11001020602335429
4.080457243233642,1.9693252775772003
0.04093259018121121,0.5546608972276358
3.8803757594719457,1.4608840684348525
1.417952361451004,-1.0573901312112854
4.428274384016637,-1.1662480643076067
5.09094076896357,1.9388884218405589
3.542098598723055,-0.3049814111813186
3.332033807601087,3.8078702762093926
4.683744161124198,0.8587661163068315
1.8255228982427192,-1.801874677525128
3.23345575648613,2.5041435172573783
3.8993526839066868,-1.424629075699002
4.3399641406611655,-0.7980197980893168
-0.308404825642526,-1.92619501167969
3.5450954438825546,1.9879972579019096
2.9390501468680763,-1.3671998979651871
2.9725067624789885,-1.5520841696730578
4.077811776898776,0.046795623538446046
4.082332822455389,0.6772995307820158
4.474069790068107,-1.421588853347336
1.2317547770315367,-0.7812226961453582
4.153029119723293,2.5802706334061587
2.8705593598081314,-0.5917171413469215
0.9338958983249542,-2.5698776678614705
2.613666923988117,-0.4349121022026098
4.047447201322741,0.40781493113739287
4.089216249022696,0.6803924640338308
4.152677411029566,-0.4678811907961018
3.6556279957792315,1.8188435335712068
4.7662698894782025,-0.22869929736717978
3.942699164427531,1.2962058029238166
3.239156130358207,1.4384839167460315
2.1530396292809195,-0.579148251229577
3.5442615623772125,-1.07284931615328
3.7696872646815107,1.8740497096208595
3.6325847701150695,0.20464009579564998
3.2697537579136866,-1.3773105126803453
2.71815825130918,0.0079060655909165
0.8238874203731638,-0.4228945029560721
2.6624441780343595,-1.265383373748995
4.170753392750915,2.146483326427583
3.325057330557516,-2.270978995166869
0.4136419617506642,1.3219425163491052
4.347524725982062,-0.6677613819252072
2.411333050655863,1.5154841443019815
2.903764057791915,-1.593438871005535
1.2557704268636973,-2.5620336827484933
4.438528584695788,-0.6947833138201331
2.3229598188611558,1.3445756153400905
0.7359581380137395,2.1163868643538417
3.6443270139832884,0.008195676652677522
0.010455234122441311,0.4242225258559985
3.2449464432608894,-1.8887271450758165
3.0040388804713194,-3.1418781844632044
1.944139009375988,1.2688585987983607
0.7592638711532634,-1.6470669467281203
4.650078534973627,0.29354590903885014
0.7215747343997956,-2.6463228459082706
1.70905851377251,1.5095492421319514
2.8059874145398878,-0.3182541551242792
1.0253122387845388,-1.061490424665441
3.4585073957247867,-1.8982579112530626
4.54839982320771,0.43651197187351054
3.1977887064139203,0.10685144312540629
2.615941377875388,-1.3920189485896697
1.18682015750432,-1.5698841563542953
5.041793282327726,3.0674162009593284
3.221343890254708,1.4885703128815895
3.9260662526394956,-0.34987130869554206
3.374614707597953,0.2775252786319421
2.713863202052725,1.3532253530185594
3.8659744421885254,-1.4656914411437605
0.6542589923775852,-1.4792360194898735
2.4613793888030617,-0.024417376516511477
1.1978524613684896,-2.8001145021648126
1.6062220101134954,2.1571321788334314
3.167776899746911,2.50593864267588
3.9298052265585985,-1.4019474724549321
0.8694974967910881,-1.2536305865354567
2.024611488982514,-2.825391038952708
2.3573285307231124,-1.7937416601492155
1.8953486436830294,-1.3946026461114387
1.9347751039289534,-0.2848544758239331
1.1518281749836647,1.2484931720838441
3.6895597669381974,0.9148532125605714
1.1274686519950559,-1.2717529740157247
2.576827059685768,-1.985842338721859
4.078323735075402,-0.1856889444809281
1.8210148170684908,-0.7866609066014778
1.9336075615126578,0.9439202313672664
0.3656215156423764,2.9378833998800014
1.5347223488584427,0.3824867648772986
1.5642768328301602,0.1359559495987683
3.960613459329896,1.194881954071827
0.9787318445908103,2.215513645644712
-0.9547860873878217,1.285300220149629
1.2721231292317625,0.03933542289764888
1.8023204833109576,-1.1455256553297837
0.3286313464137853,-0.11605530707948573
2.819976250077449,1.0729121793633782
-0.7889640272588915,-0.2914405209194306
-0.4406335057433274,-0.9270328263098015
3.3844068874234647,-0.8727147031632029
3.6405322487706955,0.1560093382794099
3.325057330557516,-2.270978995166869
3.644028087724436,0.5707857611760444
3.657319282271321,-0.10980454220308351
3.4474430904681523,1.603044998800403
2.9398186438968033,0.1797366259616984
4.888276637036108,-0.2221238788337676
-0.010549615133551966,2.0113048338547856
3.508064772765224,0.6502463625457485
3.080406096115382,0.6183154446796814
3.2165023439253217,0.29720086807726565
4.706448192488119,0.5705452092069356
4.07683426933039,-2.250245379364292
2.4476120457270927,-0.5845984803082657
4.001283595464011,2.1836037011721707
2.109476910420916,-1.5495430647930788
3.6072963428659572,-1.3295552187034836
-0.5841326250881299,-1.9349206005833965
2.5739434173705256,1.0638236761160635
0.6882449360558167,2.8951344451321717
4.750518558229996,-0.8952433534871509
0.4901037352029794,0.7388026868351157
1.8197348240385534,2.6283589307769235
1.0320615766889618,0.19906579793899762
5.449368768406532,-1.1589202242052337
4.179419342571442,-2.3707683461787545
3.926947833179324,0.6296617468038452
2.758446783749299,-0.7291978849159746
1.5217573609180022,2.2686406327759414
-0.8980301234535868,1.9446275799172281
2.278936311893043,0.5483442379331038
3.714598540292448,-0.6503407498589873
2.6762777133761126,-0.0754325258904224
0.6993074526028352,-1.209200812561085
1.3951016552129694,2.6471107151863196
2.6474749184236632,-0.24934735886600623
0.40836940492582285,0.37022080087401066
2.2034200194982616,-0.4736837895999596
2.5549859023610413,1.798631984783247
1.8421805278407555,-0.04231541590902278
2.510825008866597,-1.034949079936324
1.8856147086936885,-0.6860545450769092
3.565041875980546,0.41171304166274725
3.4378580486374557,0.27093365621717835
3.972086232435179,-1.361854507577868
1.317881928086286,0.27857002722671986
1.891340978858985,0.4748744831394275
3.7818156220264645,-1.6789768912006617
1.1386066481911226,1.355225948036228
4.055537015791789,-1.0853180179169821
2.4454868450820357,-1.327115282825017
2.955969020532579,-1.9294305490364154
3.695350079840879,-2.412357849261276
2.528352103236202,-0.506170771414901
2.9141566175644398,3.147850972467921
2.2000371166449897,0.7059095527908344
4.4938244795512166,0.41210254888809983
2.2718182052841907,1.2628280771637634
3.1538736408678503,1.7738554924485774
4.246090704043773,2.7925866828953656
3.7947899766450215,0.039157090627076646
5.165380989437667,-0.692068518145408
4.318310871839697,0.35538021452206303
4.11450898286095,-0.8220366968333663
2.364764160197022,1.3907380322933274
4.9480113395173575,0.8274061094224977
1.7694959033399225,-0.07987172310180883
4.098084153703597,1.3438435869019871
0.6639997613853752,1.7923013984246008
0.6726890407384862,2.8430513209119774
3.9365450270628597,-0.6350489680506652
3.642520708309948,0.3423635269761798
2.5606339559736586,1.8517022688321867
0.9137727238235576,-0.2664955762073865
4.463815589388957,-1.8930536038348096
0.9316215534325926,1.3878550604649984
2.9203006439261685,-0.2002831775222651
0.8922734670794198,0.05216025302486385
3.9068192147438694,0.6205771964159792
0.3819539696207062,-0.5865408904304923
4.2849897191455515,0.8884352824366009
0.2384563818267568,4.138662821749132
3.980689295330475,-2.4067754042659337
4.080457243233642,1.9693252775772003
4.641549374604068,1.0325289322057336
3.356856970669466,0.19591450689194337
0.39003306756602496,-0.6086653457538448
3.8968523984971304,0.6732702877517288
2.870191160000872,0.9287308396481274
2.7673366159968853,-1.3110382360441324
2.3477727049101578,0.8041843401887282
3.2653624461287545,-1.355484752864727
3.5666786592976227,-1.3852378662359865
1.336803186052955,-0.4485949457526214
0.051341311198175685,-1.950351873654004
3.8820953957999356,0.41287023849497195
4.0192094321928185,0.9955319259735914
3.4841921062981576,2.11247918148082
2.9380702125977343,1.4182774385812174
2.890998822707927,0.4391575080819883
1.5643659557181926,-0.4961524536781269
3.48514725949463,0.10837155430123918
3.285916928209802,1.2698701220149706
2.904461345602085,-1.2505281444852536
3.8814398115602655,1.4091603776667976
3.0674662803931305,1.6693547631032832
2.7663769914333987,0.6130781547668959
2.322484613160964,-0.7240253941017314
1.0255191429320036,0.6373604919583348
4.23885556878274,-0.25865807455871037
3.5808624807771596,0.12039920131103621
1.9394399636378978,1.7496026741907862
3.0628014764671505,-0.24911255711596172
2.99526260371074,-0.462038573720724
1.6250124416216318,0.7228747434388781
3.319939212341191,1.4013902746344935
3.7710200076747706,1.0049250533613279
1.702474320662087,0.4926532406637071
-0.15976255337547102,2.058787620167598
0.7013271433744547,0.5155827649659095
1.2250362847074232,-3.297042168872833
-0.8604869072446444,2.4886766739741524
2.289229977444177,1.2559873076324806
1.5644310580305276,-1.9166037853049132
4.9480113395173575,0.8274061094224977
3.375050814466962,1.8716538083636205
4.7860597636023146,-1.6220488930143537
3.604335459158706,1.8791050169784382
2.761646935337125,-0.7675302314525264
3.6971448436877785,-1.6597777732381886
4.217589193296001,0.7158527643723203
2.492439366671256,0.5832974072711232
3.0692028625291634,1.7930546104110505
-1.6464011623033248,4.600221848321787
3.565154788769602,2.9549397047614585
-0.7663569084637389,-0.2713656128755522
3.100715118208703,3.7357902706466404
2.4987822281801435,3.1771607051455515
3.508064772765224,0.6502463625457485
1.4964940825756665,0.8481876666130493
1.9973694709595478,0.9009355672605154
1.3185774271868407,0.018448406107210033
1.6660281893437434,0.07120212046399974
3.0916949621430647,0.21864929300414124
3.8759247673217327,3.0502152727177996
2.2333190327093693,0.494050500099504
3.6446836719641063,-0.42550437799578134
3.4106940746381476,1.093610816119986
3.7004804331586203,2.0356350418800804
2.144305739927091,-0.24131981695672294
2.2630898108032103,-1.3869305504428686
2.6175880442922286,0.04437546221731692
1.3575339224569538,-1.365330401100475
2.1885808346532385,-1.3059537907567798
2.919330326150365,2.2459848092085033
4.2849897191455515,0.8884352824366009
-0.28433626106916887,1.9555048945709288
2.3449419089417463,-1.6937406083896815
4.060696824605448,0.439792746194285
2.5478556799839285,0.3028018154198373
3.8565210066743556,1.0869826866864252
4.487957726618958,-0.9949943802631589
3.325774625046175,-1.7305680669838814
4.35357042192469,-1.1997420376808834
2.8557725717459257,-0.6069378727313749
3.5450954438825546,1.9879972579019096
1.9937170415603773,-0.39575296265088755
3.6849549334326994,0.22829846869643813
0.38290637372703396,-1.1966746764777618
2.5778688767353293,-0.4286665072235838
-0.6473361480751438,0.036695252389774724
3.9914899930825563,0.6013780784535062
3.6157729153166653,0.4976405690832265
4.64303884034908,3.0970853670890977
5.089451303218557,-0.12566801304280537
0.1335286251099314,-1.7625486242052693
5.0612885367821265,-0.7999677855308099
3.139555598419109,-0.5260872698739478
1.8703601152598117,-1.2589126394605414
4.523907399839926,-0.777233471386591
1.7607892809356336,-0.9802409035946612
3.595197441016921,-0.6994107449120522
2.697599912627893,0.919165864917962
-0.14718081818998133,-1.2910172481213549
2.870881283136847,2.701614000727642
2.0700483515351538,-2.0212084084776776
1.7466366349054998,-1.0634384121069342
1.7377604097382489,0.718892213704055
0.7379536857038294,-1.0630105358412738
0.9737631633119119,-2.780650033204469
0.5467830679716043,0.0470501363555684
1.743670800104183,-1.495064619578315
2.1164260513339306,2.645162727744826
2.178162823481516,-0.4694497152688687
0.8734646597263923,-1.4069199041829967
1.9806527712226276,-0.8011923809794067
2.077340245951109,-1.0735490268220922
1.0141764575655596,-2.5124882306523015
-1.0624044084348385,0.3884447219570226
2.30353461600618,0.3096563913527228
4.475289785050184,-1.7173244609706946
1.7801895130448886,0.07517084379722
2.034983457523044,-3.029318232373152
2.920684354012361,0.5767960824370469
2.339476118599966,2.6502353567474546
0.11215447601748768,2.476780808703954
3.3770808452703927,1.3454398786243709
3.7349682796549364,0.838401597201192
4.338255197545493,-0.27215756406917646
3.107636587092048,1.242595918596548
2.4512110088551378,0.7825601830392431
3.624745347229429,-0.07718635891121207
3.5517021792297667,0.9447807534107607
3.4142314848560664,0.7958191205806006
3.9233927663378214,-0.4753323994109193
3.086370211605309,2.2171067575275782
3.3432485830137466,1.546383184131433
3.6974835879991197,-0.2573436272031481
3.574182810627079,-1.7140145487201461
3.525560856776645,-0.6823277905446761
4.3963337981756565,-0.521020497921231
4.202493446287465,-0.946981430919477
2.004493949411434,-0.5629345463070538
5.209295087122304,0.6487753104625678
-0.1259085487802839,0.5469287538299779
3.0024250942241064,2.510993950033459
3.3348912009803615,1.7762610569506154
2.3040583600819735,-0.39021697723036775
2.2443654242965274,-1.1711182092704622
3.5794166542727965,1.5569273259980656
1.502107653074943,-1.7519255197938772
2.8814907192408716,0.006913092052846778
2.324873237615362,0.4779443153888461
3.319939212341191,1.4013902746344935
2.664036285493223,0.18671837513807396
3.212194330286481,-0.0031975226623112835
4.427210331928318,-1.114524373539552
1.0428277913277018,0.5540358102025716
2.2492880936088095,-1.5996692427510797
0.28069231293357777,1.8034847907625149
4.192209790112397,1.5044359456231386
3.371231748961717,1.3411287912272623
3.173295315184703,1.9009538777964528
3.9672095014647906,0.6738170455004184
0.7409984562791323,1.967026166645768
3.6443449276527646,-1.8279385240308217
3.1720396808671127,-0.3165829991425362
2.8822996550330333,0.9082339138523424
5.281866963611955,1.2597206662915263
3.0661442306121875,2.0163278234430737
4.076804813834472,0.6726367476657974
4.499800122087444,-2.3397132183940927
4.200687140614124,-0.6128135805959748
0.2731980798121657,0.003568296683196387
1.9184798364230686,0.6033017025071353
4.0576956728568065,1.183438552477387
3.3201338684140733,-1.1618418014639273
1.6609833997113364,0.14057158180352042
0.7595728067881817,0.9494034149905056
1.7798899440880862,1.082988331804975
2.4236514298755596,-1.705078998392954
1.3343721184088415,0.5754566914309528
1.0436306624748604,1.7535299226459138
3.266339953697141,0.9415562500380109
-0.027493592260113074,-0.33363930402399294
2.8533839472915274,-1.8089075822219527
3.3995213279594707,2.1316782994432932
3.738166688515622,2.377095798064416
-0.14370649796719634,-1.8837066175133663
3.9287411744702787,-1.3502237816868767
3.09491763882485,1.3708354450236986
3.84390872409275,-0.7828538760165795
4.005751858585751,-0.7966343003098862
1.7887401156220457,-1.5921255414136704
1.2650629523701302,0.8982837259934062
1.1005399449522795,-1.7278698198752547
2.954563012080706,1.4721218062090213
3.494028738784314,0.9074662242454704
-0.07439590978255767,-0.3499663757884035
3.6304218064609115,0.9725080007676111
5.211170666344051,-0.6432504363326164
4.579651708468659,0.7508668489214299
2.0596005874699728,0.1253217124892932
5.052103792172898,0.9353053768078997
2.5572876732905,-1.3215589503663419
1.6331251208542221,1.0338940368543066
1.6032211435758819,0.2841524722220622
0.09456285918344517,2.8758473834359655
2.8803943358909936,-0.3479934620939358
2.4752838034942775,-0.30814354040912106
0.349555450858036,3.721317191318973
3.742656393844959,-1.5314555654616482
0.8120450249046763,0.921824335174862
3.237666664613195,-0.6260725181373324
3.3890238600086358,1.0752971514837175
1.1976792475032054,-1.165195788110398
4.112357561033233,-1.1409167182079951
1.265933674919768,-0.7166473343223498
1.9229327642434306,1.1758541921024754
4.644918726159968,-1.2315648550724172
2.5199817335090184,-0.9731536789516566
4.0491384878148295,-1.5208331446368974
4.692186326984923,1.968557587970328
-0.20462710652312008,-0.368317896735345
2.900648666720016,0.7334197178249778
3.761613298628045,-0.7561897430376862
3.42092560036417,0.6975207602123319
3.502554692593923,2.07330853252953
-0.36302565294640177,2.182588528182188
2.1677372944550926,0.06818088343177164
3.8726405377298216,0.2330787618113477
2.4786488484610376,0.46438714767905853
1.294456928006081,0.04917102337013729
2.3026401035555173,-1.2507476147071277
0.5440960070611469,-0.21405450143588367
-0.22664395637420046,0.22374809952470956
3.159602034706735,-1.0888726713861452
3.4054602309924302,-2.177331058598226
3.1937680772074906,0.33061089420905243
4.013395461695434,3.1991769055479597
2.9426301036397944,1.7813301707097975
3.201828639374218,-0.28542333173468604
3.820710330539102,-0.5465038162930947
2.7829262752062496,-0.09632339221633653
3.8722723379225625,1.7535267428063968
2.9949180614981827,2.1819754895218044
2.766632107729556,-0.3399663578006547
-1.7630159818212776,1.3097914547341618
4.061053482586265,0.006092691545826048
5.280377497866942,-0.8048357685918376
1.8333397152176858,0.5590178142783035
2.2599079027539535,-0.5070295954320297
2.473317711300106,-0.05162826724409479
1.9555425089328649,-0.3300199663796518
3.732668135390621,-0.550449112081892
1.3526237908495686,-0.7399087861043321
3.720556269159199,-1.5660223164576805
3.592879177166955,-0.13275832656917602
2.79770009888607,-1.726820338999103
2.887806528644384,1.3899970753195041
2.6632369428841867,-0.10495489866577529
3.6810766725112427,0.072402455848706
4.4327088850533185,1.8130205366067556
4.022170958598019,-2.6583557131927193
4.353909166236032,0.20269210835415682
1.4082258959712006,4.284462709869951
3.3687993145446242,-0.2512953463074994
2.0815260757345038,-0.9376584269740696
1.7251137205666596,-1.868348665122163
4.334804331847508,-2.323130562200584
3.181842389223738,-0.6741633460539306
2.2435071071454646,-1.4110855515673077
1.5044831558068825,-0.861868107150493
3.6971448436877785,-1.6597777732381886
1.119164065369712,-1.289412360691438
2.7125816541605223,-0.015989398244975736
3.765899702234668,2.906893192660575
1.0790066672702152,0.6670743321870426
5.484909973778851,-1.8857257637324365
2.9755379817569207,0.39345208792662734
3.2060947285683747,-1.0013027339055933
4.1159984486059615,1.2425197380499975
4.562375726834437,1.2468073558007045
3.9214198245584053,0.624998963687627
4.561737413566293,0.8521906977734195
3.425907244218479,0.21726379522471076
3.1119382141077128,-0.9714785701104651
2.507072763367077,-1.177377610651091
3.3041878810929846,0.7348462185145219
4.242438274644603,1.4958981529839626
4.393102801007522,0.7725750987383568
4.672782566337546,0.005325001938953869
5.015084662882008,-1.4891934448948516
2.872488781680052,0.7169150883327883
1.4269609756902,3.5464987727778037
4.320530924517871,0.16162974290939844
2.9689075655035935,1.2619594079815788
4.121938906501186,1.717744968650415
2.168052027991226,-1.3817969641271712
0.3769615767711163,0.2998778406813948
1.922503011526046,1.03135181421063
-2.2297623891858436,-1.6933126411678703
1.778597961836434,4.119143456027555
4.332641368193348,-1.555262657228623
0.471662050800869,-2.2335034553760553
2.7920115109131602,-1.1285495390514733
2.9848549883537925,-1.7605421757035828
2.0891168964093114,-0.552589129841851
1.4978218615016943,0.19705573542073798
3.5360701737519524,-1.163907552624753
1.2364939892551186,1.4472867791885913
1.052157584145903,-0.08847564700117351
2.8680496385543117,0.7682853825760823
3.7823633768774667,0.47356173381023114
4.138076351226128,-0.9722931569081621
2.873425378509099,0.9941690653210956
4.082332822455389,0.6772995307820158
3.1716729165889634,0.07805141814579997
4.059172174219433,1.602277309193531
4.216081813881513,0.4874305301724555
3.837117246026979,-0.876249899344949
3.610506087636909,-0.758240017244389
4.577506658483976,-0.3173994467901087
0.36486840406716464,0.6258634436203054
3.8183343349671706,-0.1087414278251263
3.6992726227009345,0.7993953196724601
